x-axis,1,2
second,Volt,Volt
+31.250E-03,+200.837E-03,+5.046025E+00
+38.750E-03,+229.243E-03,+5.017619E+00
+46.250E-03,+255.452E-03,+5.033695E+00
+53.750E-03,+214.715E-03,+5.046025E+00
+61.250E-03,+267.782E-03,+5.086113E+00
+68.750E-03,+200.837E-03,+5.046025E+00
+76.250E-03,+242.222E-03,+5.071586E+00
+83.750E-03,+200.837E-03,+5.082619E+00
+91.250E-03,+200.837E-03,+5.046025E+00
+98.750E-03,+200.837E-03,+5.046025E+00
+106.250E-03,+200.837E-03,+4.982573E+00
+113.750E-03,+178.121E-03,+5.023310E+00
+121.250E-03,+218.858E-03,+5.046025E+00
+128.750E-03,+200.837E-03,+5.046025E+00
+136.250E-03,+233.385E-03,+5.112971E+00
+143.750E-03,+213.515E-03,+5.046025E+00
+151.250E-03,+220.707E-03,+5.112971E+00
+158.750E-03,+200.837E-03,+5.071239E+00
+166.250E-03,+211.523E-03,+5.046025E+00
+173.750E-03,+236.230E-03,+5.046025E+00
+181.250E-03,+210.021E-03,+5.036841E+00
+188.750E-03,+200.837E-03,+4.996105E+00
+196.250E-03,+200.837E-03,+4.979080E+00
+203.750E-03,+262.787E-03,+5.046025E+00
+211.250E-03,+267.782E-03,+5.007787E+00
+218.750E-03,+267.782E-03,+5.046025E+00
+226.250E-03,+229.197E-03,+5.046025E+00
+233.750E-03,+267.782E-03,+5.086414E+00
+241.250E-03,+268.130E-03,+5.046025E+00
+248.750E-03,+226.699E-03,+5.087109E+00
+256.250E-03,+252.908E-03,+5.046025E+00
+263.750E-03,+267.782E-03,+5.046025E+00
+271.250E-03,+267.782E-03,+5.008481E+00
+278.750E-03,+267.782E-03,+4.982272E+00
+286.250E-03,+244.766E-03,+5.089954E+00
+293.750E-03,+250.063E-03,+5.014519E+00
+301.250E-03,+209.326E-03,+4.987569E+00
+308.750E-03,+267.782E-03,+5.078272E+00
+316.250E-03,+261.745E-03,+5.106933E+00
+323.750E-03,+294.385E-03,+5.046025E+00
+331.250E-03,+267.782E-03,+5.046025E+00
+338.750E-03,+200.837E-03,+5.046025E+00
+346.250E-03,+235.929E-03,+5.046025E+00
+353.750E-03,+200.837E-03,+5.046025E+00
+361.250E-03,+151.218E-03,+5.013732E+00
+368.750E-03,+224.247E-03,+5.046025E+00
+376.250E-03,+200.837E-03,+5.046025E+00
+383.750E-03,+267.782E-03,+5.046025E+00
+391.250E-03,+224.293E-03,+5.046025E+00
+398.750E-03,+200.837E-03,+5.031544E+00
+406.250E-03,+227.092E-03,+5.046025E+00
+413.750E-03,+267.828E-03,+5.046025E+00
+421.250E-03,+293.946E-03,+5.019862E+00
+428.750E-03,+215.410E-03,+5.046025E+00
+436.250E-03,+212.473E-03,+5.046025E+00
+443.750E-03,+267.782E-03,+5.075126E+00
+451.250E-03,+267.782E-03,+5.110080E+00
+458.750E-03,+200.837E-03,+5.112971E+00
+466.250E-03,+218.255E-03,+5.078134E+00
+473.750E-03,+308.356E-03,+5.046025E+00
+481.250E-03,+203.891E-03,+5.042971E+00
+488.750E-03,+200.837E-03,+5.107234E+00
+496.250E-03,+267.782E-03,+5.025552E+00
+503.750E-03,+267.782E-03,+5.025762E+00
+511.250E-03,+267.782E-03,+4.985025E+00
+518.750E-03,+267.782E-03,+5.046025E+00
+526.250E-03,+276.364E-03,+5.104389E+00
+533.750E-03,+317.100E-03,+5.046025E+00
+541.250E-03,+200.837E-03,+5.046025E+00
+548.750E-03,+203.937E-03,+5.106770E+00
+556.250E-03,+267.782E-03,+5.075335E+00
+563.750E-03,+200.837E-03,+5.046025E+00
+571.250E-03,+319.946E-03,+5.112971E+00
+578.750E-03,+226.791E-03,+5.087017E+00
+586.250E-03,+334.473E-03,+5.046025E+00
+593.750E-03,+267.782E-03,+5.046025E+00
+601.250E-03,+215.109E-03,+5.098699E+00
+608.750E-03,+322.791E-03,+5.002954E+00
+616.250E-03,+238.983E-03,+5.017226E+00
+623.750E-03,+329.548E-03,+5.048615E+00
+631.250E-03,+244.163E-03,+5.069644E+00
+638.750E-03,+217.954E-03,+5.046025E+00
+646.250E-03,+219.021E-03,+5.103879E+00
+653.750E-03,+236.138E-03,+5.081326E+00
+661.250E-03,+267.782E-03,+5.046025E+00
+668.750E-03,+221.611E-03,+5.046025E+00
+676.250E-03,+287.745E-03,+5.026063E+00
+683.750E-03,+213.331E-03,+5.046025E+00
+691.250E-03,+200.837E-03,+5.046025E+00
+698.750E-03,+209.117E-03,+5.054306E+00
+706.250E-03,+249.854E-03,+5.063954E+00
+713.750E-03,+223.644E-03,+5.046025E+00
+721.250E-03,+204.238E-03,+5.046025E+00
+728.750E-03,+267.782E-03,+5.046025E+00
+736.250E-03,+211.962E-03,+5.046025E+00
+743.750E-03,+200.837E-03,+5.061109E+00
+751.250E-03,+293.435E-03,+5.046025E+00
+758.750E-03,+201.393E-03,+5.045469E+00
+766.250E-03,+294.548E-03,+5.046025E+00
+773.750E-03,+214.808E-03,+5.059996E+00
+781.250E-03,+267.782E-03,+5.046025E+00
+788.750E-03,+239.285E-03,+5.046025E+00
+796.250E-03,+332.439E-03,+5.046025E+00
+803.750E-03,+224.757E-03,+5.046025E+00
+811.250E-03,+250.967E-03,+5.046025E+00
+818.750E-03,+210.230E-03,+5.046025E+00
+826.250E-03,+236.439E-03,+5.041766E+00
+833.750E-03,+329.594E-03,+5.046025E+00
+841.250E-03,+292.577E-03,+5.021230E+00
+848.750E-03,+220.498E-03,+5.046025E+00
+856.250E-03,+274.331E-03,+5.039477E+00
+863.750E-03,+301.971E-03,+5.078783E+00
+871.250E-03,+275.762E-03,+5.046025E+00
+878.750E-03,+267.782E-03,+5.027795E+00
+886.250E-03,+245.276E-03,+4.979080E+00
+893.750E-03,+200.837E-03,+5.046025E+00
+901.250E-03,+230.749E-03,+5.075937E+00
+908.750E-03,+267.782E-03,+5.046025E+00
+916.250E-03,+200.837E-03,+5.046025E+00
+923.750E-03,+267.782E-03,+5.046025E+00
+931.250E-03,+334.728E-03,+5.112113E+00
+938.750E-03,+227.904E-03,+5.073092E+00
+946.250E-03,+267.782E-03,+4.992749E+00
+953.750E-03,+322.188E-03,+5.033485E+00
+961.250E-03,+229.033E-03,+5.046025E+00
+968.750E-03,+202.824E-03,+5.110983E+00
+976.250E-03,+267.782E-03,+5.064527E+00
+983.750E-03,+217.351E-03,+4.995594E+00
+991.250E-03,+191.142E-03,+5.046025E+00
+998.750E-03,+303.686E-03,+5.046025E+00
+1.006250E+00,+325.063E-03,+5.046025E+00
+1.013750E+00,+267.782E-03,+5.067402E+00
+1.021250E+00,+287.142E-03,+5.046025E+00
+1.028750E+00,+274.632E-03,+5.039176E+00
+1.036250E+00,+301.669E-03,+5.046025E+00
+1.043750E+00,+267.782E-03,+5.053703E+00
+1.051250E+00,+267.782E-03,+5.046025E+00
+1.058750E+00,+289.987E-03,+5.023820E+00
+1.066250E+00,+267.782E-03,+5.046025E+00
+1.073750E+00,+237.569E-03,+5.046025E+00
+1.081250E+00,+267.782E-03,+5.102448E+00
+1.088750E+00,+267.782E-03,+4.994766E+00
+1.096250E+00,+267.782E-03,+5.046025E+00
+1.103750E+00,+267.782E-03,+5.044866E+00
+1.111250E+00,+240.414E-03,+5.046025E+00
+1.118750E+00,+267.782E-03,+5.005816E+00
+1.126250E+00,+267.782E-03,+5.046025E+00
+1.133750E+00,+267.782E-03,+5.006975E+00
+1.141250E+00,+331.356E-03,+5.046025E+00
+1.148750E+00,+243.259E-03,+5.046025E+00
+1.156250E+00,+267.782E-03,+5.046025E+00
+1.163750E+00,+200.837E-03,+5.046025E+00
+1.171250E+00,+231.577E-03,+5.046025E+00
+1.178750E+00,+205.368E-03,+5.112971E+00
+1.186250E+00,+267.782E-03,+5.069615E+00
+1.193750E+00,+267.782E-03,+5.046025E+00
+1.201250E+00,+148.192E-03,+5.038875E+00
+1.208750E+00,+267.782E-03,+5.046025E+00
+1.216250E+00,+253.029E-03,+5.038649E+00
+1.223750E+00,+248.950E-03,+5.094138E+00
+1.231250E+00,+245.879E-03,+5.067929E+00
+1.238750E+00,+138.197E-03,+5.112971E+00
+1.246250E+00,+231.351E-03,+5.076540E+00
+1.253750E+00,+221.280E-03,+5.046025E+00
+1.261250E+00,+267.782E-03,+5.096983E+00
+1.268750E+00,+225.586E-03,+5.046025E+00
+1.276250E+00,+200.837E-03,+5.046025E+00
+1.283750E+00,+267.782E-03,+5.018356E+00
+1.291250E+00,+254.715E-03,+5.046025E+00
+1.298750E+00,+267.782E-03,+5.099829E+00
+1.306250E+00,+228.431E-03,+5.046025E+00
+1.313750E+00,+200.837E-03,+5.110201E+00
+1.321250E+00,+200.837E-03,+5.112971E+00
+1.328750E+00,+200.837E-03,+4.979080E+00
+1.336250E+00,+267.782E-03,+4.989377E+00
+1.343750E+00,+237.343E-03,+5.046025E+00
+1.351250E+00,+267.782E-03,+5.046025E+00
+1.358750E+00,+267.782E-03,+5.046025E+00
+1.366250E+00,+267.782E-03,+5.027268E+00
+1.373750E+00,+200.837E-03,+5.046025E+00
+1.381250E+00,+234.498E-03,+5.046025E+00
+1.388750E+00,+267.782E-03,+5.046025E+00
+1.396250E+00,+200.837E-03,+5.046025E+00
+1.403750E+00,+222.439E-03,+5.067628E+00
+1.411250E+00,+263.176E-03,+5.046025E+00
+1.418750E+00,+236.967E-03,+5.076841E+00
+1.426250E+00,+267.782E-03,+5.036105E+00
+1.433750E+00,+267.782E-03,+5.029737E+00
+1.441250E+00,+243.335E-03,+5.027975E+00
+1.448750E+00,+332.967E-03,+5.046025E+00
+1.456250E+00,+256.778E-03,+5.007050E+00
+1.463750E+00,+267.782E-03,+5.100205E+00
+1.471250E+00,+200.837E-03,+5.046025E+00
+1.478750E+00,+240.490E-03,+5.006373E+00
+1.486250E+00,+267.782E-03,+4.980163E+00
+1.493750E+00,+217.531E-03,+5.004205E+00
+1.501250E+00,+232.059E-03,+5.097360E+00
+1.508750E+00,+267.782E-03,+5.035427E+00
+1.516250E+00,+230.975E-03,+5.015887E+00
+1.523750E+00,+200.837E-03,+5.046025E+00
+1.531250E+00,+267.782E-03,+5.046025E+00
+1.538750E+00,+267.782E-03,+5.094515E+00
+1.546250E+00,+267.782E-03,+5.046025E+00
+1.553750E+00,+200.837E-03,+5.079988E+00
+1.561250E+00,+207.611E-03,+4.979080E+00
+1.568750E+00,+200.837E-03,+5.093536E+00
+1.576250E+00,+246.481E-03,+5.000381E+00
+1.583750E+00,+205.745E-03,+5.108063E+00
+1.591250E+00,+200.837E-03,+5.046025E+00
+1.598750E+00,+258.163E-03,+5.046025E+00
+1.606250E+00,+217.427E-03,+5.046025E+00
+1.613750E+00,+243.636E-03,+5.046025E+00
+1.621250E+00,+269.845E-03,+5.048088E+00
+1.628750E+00,+162.163E-03,+5.007352E+00
+1.636250E+00,+213.301E-03,+5.046025E+00
+1.643750E+00,+200.837E-03,+4.992824E+00
+1.651250E+00,+227.828E-03,+5.046025E+00
+1.658750E+00,+200.837E-03,+5.046025E+00
+1.666250E+00,+200.837E-03,+5.046025E+00
+1.673750E+00,+252.473E-03,+5.097661E+00
+1.681250E+00,+133.891E-03,+5.046025E+00
+1.688750E+00,+237.946E-03,+5.046025E+00
+1.696250E+00,+264.155E-03,+5.046025E+00
+1.703750E+00,+245.201E-03,+5.046025E+00
+1.711250E+00,+200.837E-03,+4.997234E+00
+1.718750E+00,+208.891E-03,+5.104916E+00
+1.726250E+00,+168.155E-03,+5.078707E+00
+1.733750E+00,+261.310E-03,+5.046025E+00
+1.741250E+00,+181.100E-03,+5.026289E+00
+1.748750E+00,+179.837E-03,+5.091971E+00
+1.756250E+00,+139.100E-03,+5.046025E+00
+1.763750E+00,+204.946E-03,+5.046025E+00
+1.771250E+00,+191.519E-03,+5.036707E+00
+1.778750E+00,+267.782E-03,+5.029134E+00
+1.786250E+00,+224.682E-03,+5.069870E+00
+1.793750E+00,+200.837E-03,+5.046025E+00
+1.801250E+00,+229.410E-03,+4.979080E+00
+1.808750E+00,+255.619E-03,+5.033862E+00
+1.816250E+00,+253.736E-03,+5.098925E+00
+1.823750E+00,+267.782E-03,+5.086280E+00
+1.831250E+00,+200.837E-03,+5.046506E+00
+1.838750E+00,+200.837E-03,+5.046025E+00
+1.846250E+00,+215.845E-03,+4.994088E+00
+1.853750E+00,+200.837E-03,+5.057226E+00
+1.861250E+00,+200.837E-03,+5.075561E+00
+1.868750E+00,+264.456E-03,+5.042699E+00
+1.876250E+00,+244.900E-03,+5.090088E+00
+1.883750E+00,+249.929E-03,+5.063879E+00
+1.891250E+00,+200.837E-03,+5.046025E+00
+1.898750E+00,+235.402E-03,+5.046025E+00
+1.906250E+00,+207.008E-03,+5.046025E+00
+1.913750E+00,+200.837E-03,+5.046025E+00
+1.921250E+00,+200.837E-03,+5.046025E+00
+1.928750E+00,+206.347E-03,+5.046025E+00
+1.936250E+00,+236.063E-03,+5.081251E+00
+1.943750E+00,+209.854E-03,+5.046025E+00
+1.951250E+00,+200.837E-03,+5.046025E+00
+1.958750E+00,+177.293E-03,+5.046025E+00
+1.966250E+00,+200.837E-03,+4.981745E+00
+1.973750E+00,+267.782E-03,+5.046025E+00
+1.981250E+00,+212.699E-03,+5.101109E+00
+1.988750E+00,+215.184E-03,+5.098624E+00
+1.996250E+00,+267.782E-03,+5.046025E+00
+2.003750E+00,+267.782E-03,+5.046025E+00
+2.011250E+00,+267.782E-03,+5.046025E+00
+2.018750E+00,+215.544E-03,+5.060732E+00
+2.026250E+00,+189.335E-03,+5.046025E+00
+2.033750E+00,+200.837E-03,+5.046025E+00
+2.041250E+00,+203.862E-03,+5.046025E+00
+2.048750E+00,+267.782E-03,+5.046025E+00
+2.056250E+00,+250.230E-03,+5.046025E+00
+2.063750E+00,+209.494E-03,+5.046025E+00
+2.071250E+00,+200.837E-03,+5.046025E+00
+2.078750E+00,+261.912E-03,+4.984950E+00
+2.086250E+00,+221.176E-03,+4.979080E+00
+2.093750E+00,+267.782E-03,+5.072176E+00
+2.101250E+00,+273.594E-03,+5.107159E+00
+2.108750E+00,+232.858E-03,+5.014004E+00
+2.116250E+00,+267.782E-03,+5.037310E+00
+2.123750E+00,+250.289E-03,+5.063519E+00
+2.131250E+00,+224.080E-03,+5.025565E+00
+2.138750E+00,+136.858E-03,+5.046025E+00
+2.146250E+00,+305.552E-03,+4.979080E+00
+2.153750E+00,+212.398E-03,+5.112971E+00
+2.161250E+00,+267.782E-03,+5.060674E+00
+2.168750E+00,+267.782E-03,+5.046025E+00
+2.176250E+00,+267.782E-03,+5.046025E+00
+2.183750E+00,+267.782E-03,+5.019695E+00
+2.191250E+00,+267.782E-03,+5.046025E+00
+2.198750E+00,+267.782E-03,+4.990883E+00
+2.206250E+00,+171.904E-03,+5.046025E+00
+2.213750E+00,+265.059E-03,+5.046025E+00
+2.221250E+00,+224.322E-03,+5.046025E+00
+2.228750E+00,+200.837E-03,+5.028774E+00
+2.236250E+00,+209.795E-03,+5.037067E+00
+2.243750E+00,+169.059E-03,+5.046025E+00
+2.251250E+00,+200.837E-03,+4.990218E+00
+2.258750E+00,+221.477E-03,+4.979080E+00
+2.266250E+00,+200.837E-03,+5.046025E+00
+2.273750E+00,+267.782E-03,+4.985193E+00
+2.281250E+00,+267.782E-03,+5.046025E+00
+2.288750E+00,+200.837E-03,+5.104557E+00
+2.296250E+00,+285.577E-03,+5.046025E+00
+2.303750E+00,+200.837E-03,+5.046025E+00
+2.311250E+00,+261.247E-03,+5.042757E+00
+2.318750E+00,+171.360E-03,+5.046025E+00
+2.326250E+00,+256.523E-03,+4.979080E+00
+2.333750E+00,+215.787E-03,+5.098021E+00
+2.341250E+00,+267.782E-03,+5.020239E+00
+2.348750E+00,+201.259E-03,+5.046025E+00
+2.356250E+00,+241.151E-03,+5.019393E+00
+2.363750E+00,+267.782E-03,+4.993184E+00
+2.371250E+00,+267.782E-03,+5.046025E+00
+2.378750E+00,+239.151E-03,+5.007711E+00
+2.386250E+00,+332.305E-03,+5.046025E+00
+2.393750E+00,+224.623E-03,+5.022239E+00
+2.401250E+00,+267.782E-03,+5.046025E+00
+2.408750E+00,+210.096E-03,+5.046025E+00
+2.416250E+00,+232.314E-03,+5.046025E+00
+2.423750E+00,+273.050E-03,+4.979080E+00
+2.431250E+00,+267.782E-03,+5.046025E+00
+2.438750E+00,+267.782E-03,+4.998875E+00
+2.446250E+00,+261.368E-03,+5.046025E+00
+2.453750E+00,+233.460E-03,+5.046025E+00
+2.461250E+00,+259.669E-03,+5.112971E+00
+2.468750E+00,+267.782E-03,+5.064121E+00
+2.476250E+00,+200.837E-03,+5.001720E+00
+2.483750E+00,+267.782E-03,+5.046025E+00
+2.491250E+00,+238.004E-03,+5.016247E+00
+2.498750E+00,+200.837E-03,+4.990038E+00
+2.506250E+00,+216.088E-03,+4.994331E+00
+2.513750E+00,+226.322E-03,+5.020540E+00
+2.521250E+00,+267.782E-03,+5.046025E+00
+2.528750E+00,+227.770E-03,+5.046025E+00
+2.536250E+00,+307.121E-03,+5.032222E+00
+2.543750E+00,+213.243E-03,+5.046025E+00
+2.551250E+00,+200.837E-03,+5.046025E+00
+2.558750E+00,+136.013E-03,+5.043904E+00
+2.566250E+00,+224.925E-03,+5.046025E+00
+2.573750E+00,+217.485E-03,+5.029377E+00
+2.581250E+00,+258.222E-03,+5.046025E+00
+2.588750E+00,+200.837E-03,+5.046025E+00
+2.596250E+00,+205.803E-03,+5.046025E+00
+2.603750E+00,+267.782E-03,+5.067268E+00
+2.611250E+00,+267.782E-03,+5.046025E+00
+2.618750E+00,+267.782E-03,+5.052741E+00
+2.626250E+00,+233.761E-03,+4.979080E+00
+2.633750E+00,+259.971E-03,+5.046025E+00
+2.641250E+00,+267.782E-03,+4.997477E+00
+2.648750E+00,+223.176E-03,+5.046025E+00
+2.656250E+00,+263.912E-03,+5.049895E+00
+2.663750E+00,+200.837E-03,+5.009159E+00
+2.671250E+00,+267.782E-03,+4.989737E+00
+2.678750E+00,+200.837E-03,+5.046025E+00
+2.686250E+00,+200.837E-03,+5.087787E+00
+2.693750E+00,+267.782E-03,+5.046025E+00
+2.701250E+00,+267.782E-03,+5.046025E+00
+2.708750E+00,+254.280E-03,+5.046025E+00
+2.716250E+00,+255.075E-03,+5.046025E+00
+2.723750E+00,+267.782E-03,+5.046025E+00
+2.731250E+00,+202.657E-03,+5.044205E+00
+2.738750E+00,+200.837E-03,+5.046025E+00
+2.746250E+00,+217.184E-03,+5.096624E+00
+2.753750E+00,+210.699E-03,+5.055887E+00
+2.761250E+00,+303.854E-03,+5.046025E+00
+2.768750E+00,+325.397E-03,+5.046025E+00
+2.776250E+00,+267.782E-03,+5.046025E+00
+2.783750E+00,+200.837E-03,+5.046025E+00
+2.791250E+00,+207.854E-03,+5.046025E+00
+2.798750E+00,+234.063E-03,+5.012306E+00
+2.806250E+00,+208.347E-03,+4.994101E+00
+2.813750E+00,+182.138E-03,+5.046025E+00
+2.821250E+00,+245.745E-03,+5.046025E+00
+2.828750E+00,+263.611E-03,+5.046025E+00
+2.836250E+00,+200.837E-03,+5.015645E+00
+2.843750E+00,+200.837E-03,+4.979080E+00
+2.851250E+00,+184.983E-03,+4.994933E+00
+2.858750E+00,+225.720E-03,+5.046025E+00
+2.866250E+00,+202.163E-03,+5.046025E+00
+2.873750E+00,+200.837E-03,+5.112971E+00
+2.881250E+00,+200.837E-03,+5.046025E+00
+2.888750E+00,+146.900E-03,+4.992088E+00
+2.896250E+00,+228.565E-03,+5.085243E+00
+2.903750E+00,+267.782E-03,+5.046025E+00
+2.911250E+00,+243.092E-03,+5.046025E+00
+2.918750E+00,+149.937E-03,+5.046025E+00
+2.926250E+00,+211.000E-03,+5.112971E+00
+2.933750E+00,+231.410E-03,+5.046025E+00
+2.941250E+00,+259.054E-03,+4.983444E+00
+2.948750E+00,+200.837E-03,+5.000925E+00
+2.956250E+00,+248.891E-03,+5.046025E+00
+2.963750E+00,+208.155E-03,+5.046025E+00
+2.971250E+00,+234.255E-03,+5.079444E+00
+2.978750E+00,+274.992E-03,+5.053234E+00
+2.986250E+00,+219.837E-03,+4.979080E+00
+2.993750E+00,+267.782E-03,+5.046025E+00
+3.001250E+00,+258.837E-03,+5.041552E+00
+3.008750E+00,+200.837E-03,+5.046025E+00
+3.016250E+00,+314.619E-03,+5.046025E+00
+3.023750E+00,+200.837E-03,+5.046025E+00
+3.031250E+00,+243.201E-03,+5.046025E+00
+3.038750E+00,+200.837E-03,+5.044398E+00
+3.046250E+00,+228.674E-03,+4.979080E+00
+3.053750E+00,+146.791E-03,+5.058925E+00
+3.061250E+00,+147.201E-03,+5.032716E+00
+3.068750E+00,+200.837E-03,+5.006506E+00
+3.076250E+00,+200.837E-03,+5.046025E+00
+3.083750E+00,+225.828E-03,+5.046025E+00
+3.091250E+00,+149.636E-03,+5.046025E+00
+3.098750E+00,+257.318E-03,+5.046025E+00
+3.106250E+00,+170.565E-03,+5.076297E+00
+3.113750E+00,+200.837E-03,+5.046025E+00
+3.121250E+00,+200.837E-03,+5.023879E+00
+3.128750E+00,+267.782E-03,+4.997670E+00
+3.136250E+00,+200.837E-03,+5.046025E+00
+3.143750E+00,+200.837E-03,+5.046025E+00
+3.151250E+00,+133.891E-03,+4.985988E+00
+3.158750E+00,+229.180E-03,+5.046025E+00
+3.166250E+00,+222.272E-03,+5.046025E+00
+3.173750E+00,+325.180E-03,+5.112971E+00
+3.181250E+00,+195.858E-03,+5.046025E+00
+3.188750E+00,+210.590E-03,+5.103218E+00
+3.196250E+00,+200.837E-03,+5.046025E+00
+3.203750E+00,+267.782E-03,+5.046025E+00
+3.211250E+00,+200.837E-03,+5.046025E+00
+3.218750E+00,+228.975E-03,+5.074163E+00
+3.226250E+00,+213.435E-03,+5.112971E+00
+3.233750E+00,+200.837E-03,+4.992690E+00
+3.241250E+00,+240.657E-03,+5.046025E+00
+3.248750E+00,+266.866E-03,+5.046025E+00
+3.256250E+00,+226.130E-03,+5.004372E+00
+3.263750E+00,+216.280E-03,+5.046025E+00
+3.271250E+00,+211.602E-03,+4.989845E+00
+3.278750E+00,+133.891E-03,+5.046025E+00
+3.286250E+00,+267.782E-03,+4.982841E+00
+3.293750E+00,+223.284E-03,+5.068473E+00
+3.301250E+00,+298.151E-03,+5.046025E+00
+3.308750E+00,+267.782E-03,+5.046025E+00
+3.316250E+00,+200.837E-03,+5.046025E+00
+3.323750E+00,+200.837E-03,+5.046025E+00
+3.331250E+00,+267.782E-03,+5.065628E+00
+3.338750E+00,+200.837E-03,+5.024891E+00
+3.346250E+00,+267.782E-03,+5.046025E+00
+3.353750E+00,+200.837E-03,+5.077310E+00
+3.361250E+00,+267.782E-03,+5.036573E+00
+3.368750E+00,+150.648E-03,+4.995837E+00
+3.376250E+00,+181.849E-03,+5.088992E+00
+3.383750E+00,+267.782E-03,+5.043795E+00
+3.391250E+00,+239.343E-03,+5.084532E+00
+3.398750E+00,+200.837E-03,+5.058322E+00
+3.406250E+00,+267.782E-03,+5.046025E+00
+3.413750E+00,+227.661E-03,+5.046025E+00
+3.421250E+00,+267.782E-03,+4.980310E+00
+3.428750E+00,+242.188E-03,+5.071619E+00
+3.436250E+00,+252.640E-03,+5.046025E+00
+3.443750E+00,+200.837E-03,+5.046025E+00
+3.451250E+00,+200.837E-03,+5.046025E+00
+3.458750E+00,+264.322E-03,+5.109511E+00
+3.466250E+00,+200.837E-03,+5.067473E+00
+3.473750E+00,+218.824E-03,+5.046025E+00
+3.481250E+00,+209.059E-03,+5.104749E+00
+3.488750E+00,+233.351E-03,+5.046025E+00
+3.496250E+00,+261.477E-03,+5.052331E+00
+3.503750E+00,+267.782E-03,+5.046025E+00
+3.511250E+00,+242.502E-03,+5.046025E+00
+3.518750E+00,+200.837E-03,+5.051402E+00
+3.526250E+00,+236.197E-03,+5.081385E+00
+3.533750E+00,+209.987E-03,+5.055176E+00
+3.541250E+00,+250.724E-03,+5.112971E+00
+3.548750E+00,+224.515E-03,+5.156239E+00
+3.556250E+00,+332.197E-03,+5.179916E+00
+3.563750E+00,+239.042E-03,+5.179916E+00
+3.571250E+00,+267.782E-03,+5.514644E+00
+3.578750E+00,+253.569E-03,+5.447699E+00
+3.586250E+00,+227.360E-03,+5.380753E+00
+3.593750E+00,+201.151E-03,+5.447699E+00
+3.601250E+00,+226.732E-03,+5.447699E+00
+3.608750E+00,+215.678E-03,+5.514644E+00
+3.616250E+00,+200.837E-03,+5.459067E+00
+3.623750E+00,+200.837E-03,+5.485276E+00
+3.631250E+00,+203.996E-03,+5.919477E+00
+3.638750E+00,+244.732E-03,+5.916318E+00
+3.646250E+00,+200.837E-03,+5.965577E+00
+3.653750E+00,+317.682E-03,+5.974741E+00
+3.661250E+00,+267.782E-03,+5.916318E+00
+3.668750E+00,+328.724E-03,+5.983264E+00
+3.676250E+00,+267.782E-03,+5.963059E+00
+3.683750E+00,+247.251E-03,+5.983264E+00
+3.691250E+00,+200.837E-03,+5.983264E+00
+3.698750E+00,+267.782E-03,+5.948205E+00
+3.706250E+00,+267.782E-03,+5.983264E+00
+3.713750E+00,+267.782E-03,+5.933678E+00
+3.721250E+00,+200.837E-03,+5.983264E+00
+3.728750E+00,+200.837E-03,+5.921983E+00
+3.736250E+00,+258.920E-03,+5.945360E+00
+3.743750E+00,+334.728E-03,+5.983264E+00
+3.751250E+00,+320.213E-03,+5.997778E+00
+3.758750E+00,+200.837E-03,+9.959276E+00
+3.766250E+00,+267.795E-03,+10.000000E+00
+3.773750E+00,+267.782E-03,+10.014552E+00
+3.781250E+00,+267.782E-03,+9.985460E+00
+3.788750E+00,+212.506E-03,+9.988331E+00
+3.796250E+00,+238.715E-03,+9.933054E+00
+3.803750E+00,+200.837E-03,+9.935912E+00
+3.811250E+00,+267.782E-03,+9.933054E+00
+3.818750E+00,+235.607E-03,+9.982615E+00
+3.826250E+00,+250.134E-03,+9.941879E+00
+3.833750E+00,+232.749E-03,+9.968088E+00
+3.841250E+00,+145.297E-03,+9.938757E+00
+3.848750E+00,+200.837E-03,+9.933054E+00
+3.856250E+00,+267.782E-03,+10.000000E+00
+3.863750E+00,+200.837E-03,+10.000000E+00
+3.871250E+00,+233.025E-03,+9.933054E+00
+3.878750E+00,+259.234E-03,+9.941603E+00
+3.886250E+00,+218.498E-03,+9.982339E+00
+3.893750E+00,+244.707E-03,+9.976925E+00
+3.901250E+00,+200.837E-03,+5.179916E+00
+3.908750E+00,+238.439E-03,+5.121230E+00
+3.916250E+00,+279.176E-03,+5.157130E+00
+3.923750E+00,+200.837E-03,+5.112971E+00
+3.931250E+00,+267.782E-03,+5.071946E+00
+3.938750E+00,+267.782E-03,+5.112682E+00
+3.946250E+00,+267.782E-03,+5.112971E+00
+3.953750E+00,+200.837E-03,+5.084494E+00
+3.961250E+00,+212.807E-03,+5.101000E+00
+3.968750E+00,+172.071E-03,+5.084205E+00
+3.976250E+00,+200.837E-03,+5.046025E+00
+3.983750E+00,+200.837E-03,+5.046025E+00
+3.991250E+00,+217.921E-03,+5.063109E+00
+3.998750E+00,+209.962E-03,+5.046025E+00
+4.006250E+00,+271.506E-03,+5.046025E+00
+4.013750E+00,+267.782E-03,+5.046025E+00
+4.021250E+00,+288.590E-03,+5.092163E+00
+4.028750E+00,+220.766E-03,+5.065954E+00
+4.036250E+00,+267.782E-03,+4.985360E+00
+4.043750E+00,+233.326E-03,+5.011569E+00
+4.051250E+00,+259.536E-03,+5.046025E+00
+4.058750E+00,+267.782E-03,+4.997042E+00
+4.066250E+00,+311.954E-03,+5.046025E+00
+4.073750E+00,+197.402E-03,+5.046025E+00
+4.081250E+00,+238.138E-03,+5.016381E+00
+4.088750E+00,+200.837E-03,+5.046025E+00
+4.096250E+00,+252.665E-03,+4.994197E+00
+4.103750E+00,+159.510E-03,+5.046025E+00
+4.111250E+00,+267.782E-03,+5.112381E+00
+4.118750E+00,+240.983E-03,+5.019226E+00
+4.126250E+00,+200.837E-03,+4.993017E+00
+4.133750E+00,+267.782E-03,+5.046025E+00
+4.141250E+00,+200.837E-03,+5.084506E+00
+4.148750E+00,+200.837E-03,+5.046025E+00
+4.156250E+00,+243.828E-03,+5.003034E+00
+4.163750E+00,+251.000E-03,+5.046025E+00
+4.171250E+00,+200.837E-03,+5.055452E+00
+4.178750E+00,+267.782E-03,+4.979080E+00
+4.186250E+00,+205.937E-03,+5.046025E+00
+4.193750E+00,+313.619E-03,+5.067134E+00
+4.201250E+00,+220.464E-03,+5.026398E+00
+4.208750E+00,+214.000E-03,+5.106389E+00
+4.216250E+00,+267.782E-03,+5.046025E+00
+4.223750E+00,+267.782E-03,+5.046025E+00
+4.231250E+00,+316.464E-03,+5.046025E+00
+4.238750E+00,+245.310E-03,+5.046025E+00
+4.246250E+00,+204.573E-03,+4.986552E+00
+4.253750E+00,+200.837E-03,+5.046025E+00
+4.261250E+00,+267.782E-03,+5.046025E+00
+4.268750E+00,+252.364E-03,+5.061444E+00
+4.276250E+00,+226.155E-03,+5.112971E+00
+4.283750E+00,+202.619E-03,+5.046025E+00
+4.291250E+00,+267.782E-03,+5.046025E+00
+4.298750E+00,+267.782E-03,+5.046025E+00
+4.306250E+00,+200.837E-03,+5.112971E+00
+4.313750E+00,+267.782E-03,+5.007243E+00
+4.321250E+00,+202.791E-03,+5.046025E+00
+4.328750E+00,+200.837E-03,+5.021770E+00
+4.336250E+00,+200.837E-03,+5.046025E+00
+4.343750E+00,+200.837E-03,+5.046025E+00
+4.351250E+00,+200.837E-03,+5.081962E+00
+4.358750E+00,+205.636E-03,+5.046025E+00
+4.366250E+00,+267.782E-03,+4.979080E+00
+4.373750E+00,+220.163E-03,+4.998406E+00
+4.381250E+00,+260.900E-03,+5.046025E+00
+4.388750E+00,+233.929E-03,+5.046025E+00
+4.396250E+00,+208.481E-03,+5.046025E+00
+4.403750E+00,+200.837E-03,+5.046025E+00
+4.411250E+00,+245.611E-03,+5.001682E+00
+4.418750E+00,+200.837E-03,+5.046025E+00
+4.426250E+00,+237.536E-03,+5.046025E+00
+4.433750E+00,+200.837E-03,+5.046025E+00
+4.441250E+00,+149.611E-03,+5.046025E+00
+4.448750E+00,+200.837E-03,+5.046025E+00
+4.456250E+00,+203.222E-03,+5.111778E+00
+4.463750E+00,+200.837E-03,+5.085569E+00
+4.471250E+00,+267.782E-03,+5.046025E+00
+4.478750E+00,+213.711E-03,+5.046025E+00
+4.486250E+00,+172.975E-03,+5.018163E+00
+4.493750E+00,+267.782E-03,+5.044372E+00
+4.501250E+00,+176.280E-03,+4.979080E+00
+4.508750E+00,+267.782E-03,+4.995260E+00
+4.516250E+00,+247.724E-03,+5.046025E+00
+4.523750E+00,+267.782E-03,+5.051557E+00
+4.531250E+00,+200.837E-03,+5.046025E+00
+4.538750E+00,+222.548E-03,+5.046025E+00
+4.546250E+00,+219.862E-03,+5.065050E+00
+4.553750E+00,+260.598E-03,+5.112971E+00
+4.561250E+00,+234.389E-03,+5.012473E+00
+4.568750E+00,+208.180E-03,+5.046025E+00
+4.576250E+00,+248.916E-03,+5.064891E+00
+4.583750E+00,+222.707E-03,+5.046025E+00
+4.591250E+00,+263.444E-03,+5.046025E+00
+4.598750E+00,+200.837E-03,+5.076573E+00
+4.606250E+00,+257.594E-03,+5.102783E+00
+4.613750E+00,+216.858E-03,+4.995100E+00
+4.621250E+00,+243.067E-03,+5.046025E+00
+4.628750E+00,+200.837E-03,+5.047519E+00
+4.636250E+00,+200.837E-03,+5.006783E+00
+4.643750E+00,+308.661E-03,+5.046025E+00
+4.651250E+00,+267.782E-03,+5.099795E+00
+4.658750E+00,+267.782E-03,+5.046025E+00
+4.666250E+00,+267.782E-03,+5.046025E+00
+4.673750E+00,+200.837E-03,+5.046025E+00
+4.681250E+00,+216.716E-03,+5.046025E+00
+4.688750E+00,+144.222E-03,+5.035695E+00
+4.696250E+00,+200.837E-03,+5.082565E+00
+4.703750E+00,+200.837E-03,+5.041829E+00
+4.711250E+00,+200.837E-03,+5.046025E+00
+4.718750E+00,+249.059E-03,+5.046025E+00
+4.726250E+00,+267.782E-03,+5.053511E+00
+4.733750E+00,+200.837E-03,+5.046025E+00
+4.741250E+00,+207.879E-03,+5.046025E+00
+4.748750E+00,+267.782E-03,+5.065193E+00
+4.756250E+00,+200.837E-03,+5.046025E+00
+4.763750E+00,+200.837E-03,+5.041385E+00
+4.771250E+00,+267.782E-03,+5.046025E+00
+4.778750E+00,+190.950E-03,+5.046025E+00
+4.786250E+00,+200.837E-03,+4.979080E+00
+4.793750E+00,+158.305E-03,+5.021611E+00
+4.801250E+00,+202.632E-03,+4.979080E+00
+4.808750E+00,+172.833E-03,+5.074029E+00
+4.816250E+00,+213.569E-03,+5.046025E+00
+4.823750E+00,+214.314E-03,+4.992557E+00
+4.831250E+00,+161.151E-03,+5.006339E+00
+4.838750E+00,+267.782E-03,+5.046025E+00
+4.846250E+00,+267.782E-03,+5.046025E+00
+4.853750E+00,+216.414E-03,+5.046025E+00
+4.861250E+00,+200.837E-03,+5.035393E+00
+4.868750E+00,+200.837E-03,+4.979080E+00
+4.876250E+00,+204.732E-03,+5.046025E+00
+4.883750E+00,+178.519E-03,+5.068339E+00
+4.891250E+00,+200.837E-03,+5.046025E+00
+4.898750E+00,+208.623E-03,+5.105184E+00
+4.906250E+00,+233.787E-03,+5.013075E+00
+4.913750E+00,+267.782E-03,+5.106230E+00
+4.921250E+00,+200.837E-03,+5.046025E+00
+4.928750E+00,+246.515E-03,+5.070435E+00
+4.936250E+00,+267.782E-03,+5.046025E+00
+4.943750E+00,+236.632E-03,+5.046025E+00
+4.951250E+00,+267.782E-03,+5.103385E+00
+4.958750E+00,+267.782E-03,+5.096347E+00
+4.966250E+00,+200.837E-03,+4.979080E+00
+4.973750E+00,+267.782E-03,+5.110875E+00
+4.981250E+00,+278.117E-03,+5.017720E+00
+4.988750E+00,+200.837E-03,+4.979080E+00
+4.996250E+00,+267.782E-03,+5.059803E+00
+5.003750E+00,+240.824E-03,+5.032996E+00
+5.011250E+00,+267.782E-03,+4.979829E+00
+5.018750E+00,+267.782E-03,+5.046025E+00
+5.026250E+00,+200.837E-03,+5.046025E+00
+5.033750E+00,+267.782E-03,+5.046025E+00
+5.041250E+00,+237.979E-03,+5.053364E+00
+5.048750E+00,+200.837E-03,+5.112971E+00
+5.056250E+00,+156.506E-03,+5.046025E+00
+5.063750E+00,+200.837E-03,+5.046025E+00
+5.071250E+00,+208.925E-03,+5.046025E+00
+5.078750E+00,+202.485E-03,+5.046025E+00
+5.086250E+00,+267.782E-03,+5.052465E+00
+5.093750E+00,+248.013E-03,+5.046025E+00
+5.101250E+00,+267.782E-03,+5.046025E+00
+5.108750E+00,+329.485E-03,+4.984322E+00
+5.116250E+00,+267.782E-03,+5.046025E+00
+5.123750E+00,+210.121E-03,+5.112971E+00
+5.131250E+00,+234.686E-03,+4.996004E+00
+5.138750E+00,+243.971E-03,+5.065347E+00
+5.146250E+00,+332.331E-03,+5.043628E+00
+5.153750E+00,+277.515E-03,+5.074632E+00
+5.161250E+00,+212.967E-03,+5.046025E+00
+5.168750E+00,+253.703E-03,+5.046025E+00
+5.176250E+00,+308.071E-03,+5.046025E+00
+5.183750E+00,+268.230E-03,+4.979527E+00
+5.191250E+00,+283.205E-03,+5.071787E+00
+5.198750E+00,+267.782E-03,+5.097996E+00
+5.206250E+00,+256.548E-03,+4.979080E+00
+5.213750E+00,+200.837E-03,+5.046025E+00
+5.221250E+00,+204.130E-03,+5.042732E+00
+5.228750E+00,+267.782E-03,+5.046025E+00
+5.236250E+00,+249.962E-03,+4.996900E+00
+5.243750E+00,+259.393E-03,+5.054414E+00
+5.251250E+00,+235.435E-03,+5.080624E+00
+5.258750E+00,+206.975E-03,+5.046025E+00
+5.266250E+00,+220.908E-03,+5.046025E+00
+5.273750E+00,+221.502E-03,+5.046025E+00
+5.281250E+00,+273.326E-03,+5.040481E+00
+5.288750E+00,+299.536E-03,+5.014272E+00
+5.296250E+00,+325.745E-03,+5.046025E+00
+5.303750E+00,+200.837E-03,+5.046025E+00
+5.311250E+00,+224.347E-03,+5.046025E+00
+5.318750E+00,+265.084E-03,+5.046025E+00
+5.326250E+00,+238.875E-03,+5.046025E+00
+5.333750E+00,+212.665E-03,+5.046025E+00
+5.341250E+00,+215.218E-03,+5.046025E+00
+5.348750E+00,+267.782E-03,+5.005435E+00
+5.356250E+00,+200.983E-03,+5.046025E+00
+5.363750E+00,+200.837E-03,+5.046025E+00
+5.371250E+00,+282.456E-03,+4.993753E+00
+5.378750E+00,+267.782E-03,+4.967544E+00
+5.386250E+00,+238.582E-03,+5.008281E+00
+5.393750E+00,+206.820E-03,+4.982071E+00
+5.401250E+00,+224.054E-03,+5.002297E+00
+5.408750E+00,+218.356E-03,+5.046025E+00
+5.416250E+00,+267.782E-03,+4.987770E+00
+5.423750E+00,+232.883E-03,+5.011126E+00
+5.431250E+00,+200.837E-03,+4.984917E+00
+5.438750E+00,+221.209E-03,+5.072226E+00
+5.446250E+00,+221.201E-03,+4.999444E+00
+5.453750E+00,+267.782E-03,+4.979080E+00
+5.461250E+00,+267.782E-03,+5.011134E+00
+5.468750E+00,+267.782E-03,+5.046025E+00
+5.476250E+00,+218.364E-03,+5.046025E+00
+5.483750E+00,+244.573E-03,+5.002289E+00
+5.491250E+00,+267.782E-03,+5.046025E+00
+5.498750E+00,+276.310E-03,+5.046025E+00
+5.506250E+00,+279.310E-03,+5.046025E+00
+5.513750E+00,+305.364E-03,+4.993762E+00
+5.521250E+00,+267.782E-03,+5.046025E+00
+5.528750E+00,+267.782E-03,+4.979234E+00
+5.536250E+00,+267.782E-03,+4.979080E+00
+5.543750E+00,+267.782E-03,+5.031653E+00
+5.551250E+00,+255.946E-03,+5.034188E+00
+5.558750E+00,+267.782E-03,+5.046025E+00
+5.566250E+00,+200.837E-03,+5.048716E+00
+5.573750E+00,+200.837E-03,+5.002598E+00
+5.581250E+00,+250.565E-03,+5.028808E+00
+5.588750E+00,+209.828E-03,+5.046025E+00
+5.596250E+00,+200.837E-03,+5.046025E+00
+5.603750E+00,+262.247E-03,+5.046025E+00
+5.611250E+00,+288.456E-03,+5.046025E+00
+5.618750E+00,+294.602E-03,+4.999142E+00
+5.626250E+00,+206.983E-03,+5.039879E+00
+5.633750E+00,+267.782E-03,+5.011435E+00
+5.641250E+00,+267.782E-03,+5.046025E+00
+5.648750E+00,+285.611E-03,+5.028197E+00
+5.656250E+00,+244.874E-03,+5.046025E+00
+5.663750E+00,+331.427E-03,+5.109670E+00
+5.671250E+00,+230.347E-03,+5.053950E+00
+5.678750E+00,+200.837E-03,+4.990306E+00
+5.686250E+00,+282.766E-03,+4.994063E+00
+5.693750E+00,+226.590E-03,+5.046025E+00
+5.701250E+00,+267.326E-03,+5.045569E+00
+5.708750E+00,+227.502E-03,+5.046025E+00
+5.716250E+00,+186.766E-03,+5.046025E+00
+5.723750E+00,+212.975E-03,+5.046025E+00
+5.731250E+00,+229.435E-03,+5.036276E+00
+5.738750E+00,+329.950E-03,+5.046025E+00
+5.746250E+00,+157.711E-03,+5.046025E+00
+5.753750E+00,+200.837E-03,+5.046025E+00
+5.761250E+00,+200.837E-03,+5.046025E+00
+5.768750E+00,+200.837E-03,+5.046025E+00
+5.776250E+00,+206.071E-03,+5.046025E+00
+5.783750E+00,+246.808E-03,+5.025050E+00
+5.791250E+00,+267.782E-03,+5.006502E+00
+5.798750E+00,+261.335E-03,+5.039578E+00
+5.806250E+00,+233.494E-03,+5.013368E+00
+5.813750E+00,+216.996E-03,+5.037946E+00
+5.821250E+00,+267.782E-03,+5.046025E+00
+5.828750E+00,+223.444E-03,+5.046025E+00
+5.836250E+00,+267.782E-03,+4.986285E+00
+5.843750E+00,+208.159E-03,+5.053348E+00
+5.851250E+00,+211.762E-03,+5.035100E+00
+5.858750E+00,+216.121E-03,+5.046025E+00
+5.866250E+00,+200.837E-03,+5.046025E+00
+5.873750E+00,+267.025E-03,+4.979837E+00
+5.881250E+00,+240.816E-03,+5.019059E+00
+5.888750E+00,+267.782E-03,+4.992850E+00
+5.896250E+00,+213.276E-03,+5.033586E+00
+5.903750E+00,+267.782E-03,+5.046025E+00
+5.911250E+00,+200.837E-03,+5.046025E+00
+5.918750E+00,+182.134E-03,+5.046025E+00
+5.926250E+00,+217.452E-03,+5.029410E+00
+5.933750E+00,+210.431E-03,+5.046025E+00
+5.941250E+00,+231.979E-03,+5.014883E+00
+5.948750E+00,+205.770E-03,+5.041092E+00
+5.956250E+00,+289.059E-03,+5.024749E+00
+5.963750E+00,+267.782E-03,+4.979080E+00
+5.971250E+00,+207.586E-03,+4.985829E+00
+5.978750E+00,+267.782E-03,+5.013067E+00
+5.986250E+00,+267.782E-03,+5.053804E+00
+5.993750E+00,+297.866E-03,+4.997511E+00
+6.001250E+00,+267.782E-03,+5.046025E+00
+6.008750E+00,+200.837E-03,+5.042122E+00
+6.016250E+00,+200.837E-03,+5.046025E+00
+6.023750E+00,+190.213E-03,+5.046025E+00
+6.031250E+00,+200.837E-03,+4.963494E+00
+6.038750E+00,+142.398E-03,+5.046025E+00
+6.046250E+00,+201.895E-03,+5.047084E+00
+6.053750E+00,+228.105E-03,+5.018758E+00
+6.061250E+00,+200.837E-03,+4.992548E+00
+6.068750E+00,+309.247E-03,+4.979080E+00
+6.076250E+00,+278.736E-03,+5.046025E+00
+6.083750E+00,+267.782E-03,+4.980866E+00
+6.091250E+00,+267.782E-03,+5.046025E+00
+6.098750E+00,+200.837E-03,+5.046025E+00
+6.106250E+00,+200.837E-03,+4.988975E+00
+6.113750E+00,+200.837E-03,+4.979080E+00
+6.121250E+00,+263.151E-03,+5.041393E+00
+6.128750E+00,+246.205E-03,+5.024448E+00
+6.136250E+00,+248.623E-03,+5.026866E+00
+6.143750E+00,+260.732E-03,+4.979080E+00
+6.151250E+00,+200.837E-03,+5.012766E+00
+6.158750E+00,+327.251E-03,+4.986557E+00
+6.166250E+00,+249.050E-03,+4.997812E+00
+6.173750E+00,+289.787E-03,+5.024021E+00
+6.181250E+00,+205.042E-03,+5.046025E+00
+6.188750E+00,+261.665E-03,+4.979080E+00
+6.196250E+00,+257.460E-03,+5.046025E+00
+6.203750E+00,+216.724E-03,+4.979080E+00
+6.211250E+00,+267.782E-03,+5.088121E+00
+6.218750E+00,+266.423E-03,+5.044665E+00
+6.226250E+00,+267.782E-03,+5.073594E+00
+6.233750E+00,+267.782E-03,+4.979080E+00
+6.241250E+00,+254.741E-03,+5.032983E+00
+6.248750E+00,+228.531E-03,+5.046025E+00
+6.256250E+00,+202.322E-03,+5.044540E+00
+6.263750E+00,+267.782E-03,+5.046025E+00
+6.271250E+00,+200.837E-03,+4.995092E+00
+6.278750E+00,+221.230E-03,+5.035829E+00
+6.286250E+00,+267.782E-03,+5.046025E+00
+6.293750E+00,+267.782E-03,+5.041695E+00
+6.301250E+00,+177.648E-03,+5.024147E+00
+6.308750E+00,+267.782E-03,+5.094113E+00
+6.316250E+00,+260.431E-03,+5.046025E+00
+6.323750E+00,+267.782E-03,+5.012465E+00
+6.331250E+00,+267.782E-03,+5.038849E+00
+6.338750E+00,+219.870E-03,+5.046025E+00
+6.346250E+00,+222.540E-03,+5.046025E+00
+6.353750E+00,+205.343E-03,+5.046025E+00
+6.361250E+00,+304.013E-03,+5.009795E+00
+6.368750E+00,+267.782E-03,+4.979080E+00
+6.376250E+00,+150.079E-03,+5.046025E+00
+6.383750E+00,+200.837E-03,+5.046025E+00
+6.391250E+00,+200.837E-03,+5.046025E+00
+6.398750E+00,+267.782E-03,+5.112971E+00
+6.406250E+00,+254.916E-03,+4.991946E+00
+6.413750E+00,+267.782E-03,+5.046025E+00
+6.421250E+00,+267.782E-03,+5.018632E+00
+6.428750E+00,+332.360E-03,+5.046025E+00
+6.436250E+00,+250.887E-03,+4.979080E+00
+6.443750E+00,+216.548E-03,+4.994791E+00
+6.451250E+00,+334.728E-03,+4.979080E+00
+6.458750E+00,+267.782E-03,+5.046025E+00
+6.466250E+00,+330.699E-03,+4.979080E+00
+6.473750E+00,+334.728E-03,+4.956494E+00
+6.481250E+00,+267.782E-03,+5.064582E+00
+6.488750E+00,+260.130E-03,+5.038373E+00
+6.496250E+00,+233.921E-03,+5.012941E+00
+6.503750E+00,+274.657E-03,+4.979080E+00
+6.511250E+00,+296.059E-03,+5.026691E+00
+6.518750E+00,+222.239E-03,+5.024623E+00
+6.526250E+00,+267.782E-03,+4.983887E+00
+6.533750E+00,+267.782E-03,+5.015009E+00
+6.541250E+00,+267.782E-03,+5.036305E+00
+6.548750E+00,+267.782E-03,+4.979080E+00
+6.556250E+00,+200.837E-03,+5.021778E+00
+6.563750E+00,+267.782E-03,+5.046025E+00
+6.571250E+00,+306.557E-03,+5.046025E+00
+6.578750E+00,+213.402E-03,+5.033460E+00
+6.586250E+00,+267.782E-03,+4.992724E+00
+6.593750E+00,+307.636E-03,+5.018933E+00
+6.601250E+00,+201.720E-03,+4.979080E+00
+6.608750E+00,+242.456E-03,+5.046025E+00
+6.616250E+00,+267.782E-03,+5.046025E+00
+6.623750E+00,+267.782E-03,+5.091373E+00
+6.631250E+00,+163.829E-03,+4.979080E+00
+6.638750E+00,+267.782E-03,+5.046025E+00
+6.646250E+00,+245.301E-03,+5.090490E+00
+6.653750E+00,+219.092E-03,+4.979080E+00
+6.661250E+00,+149.799E-03,+5.046025E+00
+6.668750E+00,+200.837E-03,+5.046025E+00
+6.676250E+00,+207.410E-03,+5.052599E+00
+6.683750E+00,+220.473E-03,+4.998716E+00
+6.691250E+00,+246.682E-03,+5.046025E+00
+6.698750E+00,+329.619E-03,+4.984188E+00
+6.706250E+00,+299.100E-03,+5.046025E+00
+6.713750E+00,+277.201E-03,+5.046025E+00
+6.721250E+00,+267.782E-03,+4.995870E+00
+6.728750E+00,+243.837E-03,+5.022080E+00
+6.736250E+00,+200.837E-03,+4.981343E+00
+6.743750E+00,+239.310E-03,+5.046025E+00
+6.751250E+00,+255.519E-03,+5.046025E+00
+6.758750E+00,+267.782E-03,+5.099025E+00
+6.766250E+00,+267.782E-03,+5.046025E+00
+6.773750E+00,+268.364E-03,+5.112389E+00
+6.781250E+00,+267.782E-03,+5.046025E+00
+6.788750E+00,+267.782E-03,+5.097862E+00
+6.796250E+00,+256.682E-03,+5.046025E+00
+6.803750E+00,+238.146E-03,+5.046025E+00
+6.811250E+00,+200.837E-03,+5.042598E+00
+6.818750E+00,+200.837E-03,+5.046025E+00
+6.826250E+00,+267.782E-03,+5.046025E+00
+6.833750E+00,+209.092E-03,+5.046025E+00
+6.841250E+00,+233.318E-03,+5.080490E+00
+6.848750E+00,+328.456E-03,+5.046025E+00
+6.856250E+00,+220.774E-03,+5.046025E+00
+6.863750E+00,+221.636E-03,+5.046025E+00
+6.871250E+00,+206.247E-03,+5.051435E+00
+6.878750E+00,+200.837E-03,+5.112971E+00
+6.886250E+00,+200.837E-03,+4.988197E+00
+6.893750E+00,+200.837E-03,+5.046025E+00
+6.901250E+00,+224.481E-03,+5.069670E+00
+6.908750E+00,+200.837E-03,+5.046025E+00
+6.916250E+00,+267.782E-03,+5.046025E+00
+6.923750E+00,+200.837E-03,+5.046025E+00
+6.931250E+00,+320.481E-03,+4.993326E+00
+6.938750E+00,+334.728E-03,+5.019536E+00
+6.946250E+00,+201.117E-03,+5.046025E+00
+6.953750E+00,+241.854E-03,+5.046025E+00
+6.961250E+00,+267.782E-03,+5.046025E+00
+6.968750E+00,+223.640E-03,+4.990481E+00
+6.976250E+00,+200.837E-03,+5.046025E+00
+6.983750E+00,+264.657E-03,+5.046025E+00
+6.991250E+00,+244.699E-03,+5.022942E+00
+6.998750E+00,+267.782E-03,+5.046025E+00
+7.006250E+00,+267.782E-03,+5.046025E+00
+7.013750E+00,+235.602E-03,+5.046025E+00
+7.021250E+00,+322.786E-03,+5.107000E+00
+7.028750E+00,+221.075E-03,+5.092732E+00
+7.036250E+00,+267.782E-03,+4.999578E+00
+7.043750E+00,+200.837E-03,+5.040314E+00
+7.051250E+00,+299.703E-03,+5.014105E+00
+7.058750E+00,+209.653E-03,+5.104155E+00
+7.066250E+00,+218.230E-03,+5.046025E+00
+7.073750E+00,+224.180E-03,+5.046025E+00
+7.081250E+00,+200.837E-03,+5.043159E+00
+7.088750E+00,+267.782E-03,+5.075100E+00
+7.096250E+00,+200.837E-03,+5.046025E+00
+7.103750E+00,+200.837E-03,+5.031477E+00
+7.111250E+00,+241.594E-03,+5.046025E+00
+7.118750E+00,+267.782E-03,+5.046046E+00
+7.126250E+00,+200.837E-03,+5.046025E+00
+7.133750E+00,+186.330E-03,+5.112971E+00
+7.141250E+00,+212.540E-03,+4.990782E+00
+7.148750E+00,+229.870E-03,+5.112971E+00
+7.156250E+00,+264.958E-03,+5.046025E+00
+7.163750E+00,+200.837E-03,+5.046025E+00
+7.171250E+00,+200.837E-03,+4.996431E+00
+7.178750E+00,+267.782E-03,+5.046025E+00
+7.186250E+00,+267.782E-03,+5.046025E+00
+7.193750E+00,+262.113E-03,+4.979080E+00
+7.201250E+00,+247.243E-03,+5.046025E+00
+7.208750E+00,+267.782E-03,+5.092774E+00
+7.216250E+00,+200.837E-03,+5.040013E+00
+7.223750E+00,+265.280E-03,+5.046025E+00
+7.231250E+00,+276.297E-03,+4.987594E+00
+7.238750E+00,+200.837E-03,+5.095276E+00
+7.246250E+00,+223.879E-03,+5.089929E+00
+7.253750E+00,+264.615E-03,+4.985414E+00
+7.261250E+00,+238.406E-03,+5.083594E+00
+7.268750E+00,+279.142E-03,+5.046025E+00
+7.276250E+00,+267.782E-03,+4.993929E+00
+7.283750E+00,+267.782E-03,+5.046025E+00
+7.291250E+00,+267.782E-03,+5.046347E+00
+7.298750E+00,+241.251E-03,+5.019494E+00
+7.306250E+00,+215.042E-03,+4.993285E+00
+7.313750E+00,+212.841E-03,+5.046025E+00
+7.321250E+00,+229.569E-03,+5.084239E+00
+7.328750E+00,+267.782E-03,+5.046025E+00
+7.336250E+00,+224.523E-03,+5.046025E+00
+7.343750E+00,+217.887E-03,+5.046025E+00
+7.351250E+00,+209.996E-03,+5.055184E+00
+7.358750E+00,+200.837E-03,+5.046025E+00
+7.366250E+00,+267.782E-03,+5.046025E+00
+7.373750E+00,+179.996E-03,+5.046025E+00
+7.381250E+00,+153.787E-03,+5.046025E+00
+7.388750E+00,+267.782E-03,+4.985393E+00
+7.396250E+00,+200.837E-03,+5.046025E+00
+7.403750E+00,+267.782E-03,+5.046025E+00
+7.411250E+00,+249.787E-03,+5.046025E+00
+7.418750E+00,+223.577E-03,+5.046025E+00
+7.426250E+00,+204.305E-03,+5.049494E+00
+7.433750E+00,+230.515E-03,+5.083293E+00
+7.441250E+00,+211.895E-03,+5.046025E+00
+7.448750E+00,+215.987E-03,+5.046025E+00
+7.456250E+00,+226.423E-03,+5.071611E+00
+7.463750E+00,+267.782E-03,+4.979080E+00
+7.471250E+00,+294.615E-03,+5.086138E+00
+7.478750E+00,+320.824E-03,+4.992983E+00
+7.486250E+00,+322.423E-03,+4.991385E+00
+7.493750E+00,+296.213E-03,+5.046025E+00
+7.501250E+00,+332.506E-03,+4.979080E+00
+7.508750E+00,+243.795E-03,+5.003067E+00
+7.516250E+00,+267.782E-03,+4.995829E+00
+7.523750E+00,+200.837E-03,+5.046025E+00
+7.531250E+00,+272.176E-03,+5.014749E+00
+7.538750E+00,+267.782E-03,+4.989214E+00
+7.546250E+00,+267.782E-03,+5.000222E+00
+7.553750E+00,+267.782E-03,+5.093377E+00
+7.561250E+00,+267.782E-03,+5.046025E+00
+7.568750E+00,+267.782E-03,+5.013201E+00
+7.576250E+00,+208.749E-03,+5.046025E+00
+7.583750E+00,+182.540E-03,+5.015674E+00
+7.591250E+00,+223.276E-03,+5.068465E+00
+7.598750E+00,+200.837E-03,+5.049795E+00
+7.606250E+00,+267.782E-03,+5.082992E+00
+7.613750E+00,+257.025E-03,+5.046025E+00
+7.621250E+00,+231.740E-03,+5.046025E+00
+7.628750E+00,+175.552E-03,+5.071310E+00
+7.636250E+00,+267.782E-03,+5.112046E+00
+7.643750E+00,+227.971E-03,+5.006213E+00
+7.651250E+00,+267.782E-03,+5.046025E+00
+7.658750E+00,+213.443E-03,+5.100364E+00
+7.666250E+00,+200.837E-03,+5.007209E+00
+7.673750E+00,+265.862E-03,+5.109130E+00
+7.681250E+00,+200.837E-03,+5.112971E+00
+7.688750E+00,+217.285E-03,+5.062473E+00
+7.696250E+00,+267.782E-03,+4.988841E+00
+7.703750E+00,+205.832E-03,+5.046025E+00
+7.711250E+00,+200.837E-03,+4.983845E+00
+7.718750E+00,+246.339E-03,+5.067469E+00
+7.726250E+00,+220.130E-03,+4.998373E+00
+7.733750E+00,+267.782E-03,+5.039109E+00
+7.741250E+00,+234.657E-03,+5.079151E+00
+7.748750E+00,+208.448E-03,+4.979080E+00
+7.756250E+00,+267.782E-03,+5.094373E+00
+7.763750E+00,+200.837E-03,+5.046025E+00
+7.771250E+00,+133.891E-03,+5.046025E+00
+7.778750E+00,+200.837E-03,+5.046025E+00
+7.786250E+00,+257.326E-03,+4.999992E+00
+7.793750E+00,+185.084E-03,+5.046025E+00
+7.801250E+00,+225.820E-03,+5.004063E+00
+7.808750E+00,+267.782E-03,+5.046025E+00
+7.816250E+00,+267.782E-03,+5.046025E+00
+7.823750E+00,+214.138E-03,+5.046025E+00
+7.831250E+00,+226.653E-03,+5.046025E+00
+7.838750E+00,+228.665E-03,+5.006908E+00
+7.846250E+00,+202.456E-03,+4.982318E+00
+7.853750E+00,+225.427E-03,+5.021435E+00
+7.861250E+00,+200.837E-03,+5.011373E+00
+7.868750E+00,+267.782E-03,+5.046025E+00
+7.876250E+00,+170.163E-03,+5.046025E+00
+7.883750E+00,+196.372E-03,+5.046025E+00
+7.891250E+00,+200.837E-03,+5.046025E+00
+7.898750E+00,+152.883E-03,+5.065017E+00
+7.906250E+00,+260.565E-03,+5.053243E+00
+7.913750E+00,+234.356E-03,+5.046025E+00
+7.921250E+00,+267.782E-03,+4.979080E+00
+7.928750E+00,+219.736E-03,+5.142117E+00
+7.936250E+00,+291.054E-03,+5.067862E+00
+7.943750E+00,+200.837E-03,+5.050398E+00
+7.951250E+00,+267.782E-03,+5.046025E+00
+7.958750E+00,+257.628E-03,+5.046025E+00
+7.966250E+00,+216.891E-03,+5.096917E+00
+7.973750E+00,+200.837E-03,+5.046025E+00
+7.981250E+00,+202.364E-03,+5.046025E+00
+7.988750E+00,+267.782E-03,+5.046025E+00
+7.996250E+00,+213.837E-03,+5.099971E+00
+8.003750E+00,+321.519E-03,+5.046025E+00
+8.011250E+00,+267.782E-03,+5.006607E+00
+8.018750E+00,+269.100E-03,+5.111653E+00
+8.026250E+00,+267.782E-03,+5.021134E+00
+8.033750E+00,+251.937E-03,+5.061871E+00
+8.041250E+00,+211.201E-03,+5.035661E+00
+8.048750E+00,+231.209E-03,+5.082598E+00
+8.056250E+00,+263.619E-03,+5.050188E+00
+8.063750E+00,+222.883E-03,+5.068071E+00
+8.071250E+00,+267.782E-03,+5.046025E+00
+8.078750E+00,+260.264E-03,+5.038506E+00
+8.086250E+00,+200.837E-03,+5.046025E+00
+8.093750E+00,+267.782E-03,+5.105962E+00
+8.101250E+00,+200.837E-03,+5.093770E+00
+8.108750E+00,+267.782E-03,+5.046025E+00
+8.116250E+00,+267.782E-03,+5.050699E+00
+8.123750E+00,+200.837E-03,+5.046025E+00
+8.131250E+00,+210.690E-03,+5.046025E+00
+8.138750E+00,+217.192E-03,+5.096615E+00
+8.146250E+00,+267.782E-03,+5.046025E+00
+8.153750E+00,+202.665E-03,+5.046025E+00
+8.161250E+00,+295.820E-03,+5.046025E+00
+8.168750E+00,+267.782E-03,+5.046025E+00
+8.176250E+00,+267.782E-03,+5.046025E+00
+8.183750E+00,+240.556E-03,+5.046025E+00
+8.191250E+00,+267.782E-03,+5.111954E+00
+8.198750E+00,+242.590E-03,+5.004272E+00
+8.206250E+00,+303.640E-03,+5.061569E+00
+8.213750E+00,+211.502E-03,+4.979080E+00
+8.221250E+00,+230.908E-03,+5.015954E+00
+8.228750E+00,+200.837E-03,+5.049887E+00
+8.236250E+00,+223.184E-03,+5.046025E+00
+8.243750E+00,+219.226E-03,+5.046025E+00
+8.251250E+00,+208.657E-03,+5.105151E+00
+8.258750E+00,+267.782E-03,+5.046025E+00
+8.266250E+00,+267.782E-03,+5.046025E+00
+8.273750E+00,+267.782E-03,+5.046025E+00
+8.281250E+00,+267.782E-03,+5.046025E+00
+8.288750E+00,+267.782E-03,+5.107996E+00
+8.296250E+00,+267.782E-03,+5.046025E+00
+8.303750E+00,+258.230E-03,+4.988632E+00
+8.311250E+00,+267.782E-03,+5.046025E+00
+8.318750E+00,+267.782E-03,+5.046025E+00
+8.326250E+00,+267.782E-03,+5.046025E+00
+8.333750E+00,+211.105E-03,+5.046025E+00
+8.341250E+00,+280.180E-03,+5.046025E+00
+8.348750E+00,+320.916E-03,+5.046025E+00
+8.356250E+00,+200.837E-03,+5.072950E+00
+8.363750E+00,+333.297E-03,+5.046025E+00
+8.371250E+00,+242.289E-03,+5.071519E+00
+8.378750E+00,+216.080E-03,+5.082485E+00
+8.386250E+00,+312.795E-03,+5.102004E+00
+8.393750E+00,+267.782E-03,+5.083201E+00
+8.401250E+00,+204.398E-03,+5.109410E+00
+8.408750E+00,+223.485E-03,+5.023377E+00
+8.416250E+00,+298.552E-03,+5.046025E+00
+8.423750E+00,+326.607E-03,+5.046025E+00
+8.431250E+00,+235.167E-03,+5.078640E+00
+8.438750E+00,+274.188E-03,+5.046025E+00
+8.446250E+00,+220.640E-03,+5.065828E+00
+8.453750E+00,+221.770E-03,+5.046025E+00
+8.461250E+00,+200.837E-03,+5.046025E+00
+8.468750E+00,+200.837E-03,+5.010565E+00
+8.476250E+00,+219.339E-03,+5.103720E+00
+8.483750E+00,+250.824E-03,+5.046025E+00
+8.491250E+00,+244.004E-03,+5.089193E+00
+8.498750E+00,+200.837E-03,+5.046025E+00
+8.506250E+00,+296.422E-03,+5.046025E+00
+8.513750E+00,+255.686E-03,+5.058122E+00
+8.521250E+00,+200.837E-03,+4.979080E+00
+8.528750E+00,+254.084E-03,+5.046025E+00
+8.536250E+00,+334.728E-03,+5.046025E+00
+8.543750E+00,+241.988E-03,+5.046025E+00
+8.551250E+00,+215.778E-03,+5.046025E+00
+8.558750E+00,+212.105E-03,+5.112971E+00
+8.566250E+00,+222.297E-03,+5.046025E+00
+8.573750E+00,+264.523E-03,+5.046025E+00
+8.581250E+00,+267.782E-03,+5.068975E+00
+8.588750E+00,+249.996E-03,+5.095184E+00
+8.596250E+00,+267.782E-03,+5.054448E+00
+8.603750E+00,+267.782E-03,+5.080657E+00
+8.611250E+00,+267.782E-03,+5.046025E+00
+8.618750E+00,+267.782E-03,+5.066130E+00
+8.626250E+00,+267.782E-03,+5.092339E+00
+8.633750E+00,+200.837E-03,+5.046025E+00
+8.641250E+00,+267.782E-03,+5.046025E+00
+8.648750E+00,+249.883E-03,+4.996979E+00
+8.656250E+00,+235.355E-03,+4.996339E+00
+8.663750E+00,+200.837E-03,+4.979080E+00
+8.671250E+00,+267.782E-03,+5.046025E+00
+8.678750E+00,+238.841E-03,+5.046025E+00
+8.686250E+00,+267.782E-03,+5.046025E+00
+8.693750E+00,+200.837E-03,+5.046025E+00
+8.701250E+00,+241.460E-03,+5.046025E+00
+8.708750E+00,+267.782E-03,+5.046025E+00
+8.716250E+00,+267.782E-03,+5.046025E+00
+8.723750E+00,+200.837E-03,+5.046025E+00
+8.731250E+00,+256.213E-03,+5.046025E+00
+8.738750E+00,+200.837E-03,+5.046025E+00
+8.746250E+00,+267.782E-03,+5.048983E+00
+8.753750E+00,+267.782E-03,+5.046025E+00
+8.761250E+00,+267.782E-03,+5.046025E+00
+8.768750E+00,+200.837E-03,+5.046025E+00
+8.776250E+00,+200.837E-03,+5.046025E+00
+8.783750E+00,+267.782E-03,+5.101364E+00
+8.791250E+00,+200.837E-03,+5.046025E+00
+8.798750E+00,+247.452E-03,+5.066356E+00
+8.806250E+00,+206.715E-03,+5.046025E+00
+8.813750E+00,+232.925E-03,+5.078113E+00
+8.821250E+00,+209.485E-03,+5.104322E+00
+8.828750E+00,+200.837E-03,+5.028465E+00
+8.836250E+00,+224.013E-03,+5.046025E+00
+8.843750E+00,+264.749E-03,+5.042992E+00
+8.851250E+00,+238.540E-03,+5.008322E+00
+8.858750E+00,+256.289E-03,+5.057519E+00
+8.866250E+00,+253.067E-03,+5.046025E+00
+8.873750E+00,+226.858E-03,+5.020004E+00
+8.881250E+00,+134.079E-03,+5.112783E+00
+8.888750E+00,+200.837E-03,+5.019628E+00
+8.896250E+00,+200.837E-03,+5.084293E+00
+8.903750E+00,+200.837E-03,+5.046025E+00
+8.911250E+00,+171.971E-03,+5.046025E+00
+8.918750E+00,+200.837E-03,+5.046025E+00
+8.926250E+00,+244.230E-03,+5.089419E+00
+8.933750E+00,+250.598E-03,+4.996264E+00
+8.941250E+00,+200.837E-03,+5.055050E+00
+8.948750E+00,+200.837E-03,+5.014314E+00
+8.956250E+00,+200.837E-03,+5.046025E+00
+8.963750E+00,+221.544E-03,+4.999787E+00
+8.971250E+00,+247.753E-03,+5.046025E+00
+8.978750E+00,+328.548E-03,+4.985259E+00
+8.986250E+00,+200.837E-03,+5.046025E+00
+8.993750E+00,+200.837E-03,+5.104623E+00
+9.001250E+00,+200.837E-03,+5.046025E+00
+9.008750E+00,+267.782E-03,+5.046025E+00
+9.016250E+00,+140.560E-03,+5.109636E+00
+9.023750E+00,+200.837E-03,+5.046025E+00
+9.031250E+00,+256.590E-03,+5.046025E+00
+9.038750E+00,+252.766E-03,+5.046025E+00
+9.046250E+00,+226.557E-03,+5.046025E+00
+9.053750E+00,+267.782E-03,+5.046025E+00
+9.061250E+00,+227.535E-03,+5.046025E+00
+9.068750E+00,+267.782E-03,+5.046025E+00
+9.076250E+00,+322.557E-03,+5.046025E+00
+9.083750E+00,+239.217E-03,+5.074590E+00
+9.091250E+00,+267.782E-03,+5.048381E+00
+9.098750E+00,+224.690E-03,+5.046025E+00
+9.106250E+00,+267.782E-03,+5.096088E+00
+9.113750E+00,+258.456E-03,+5.036699E+00
+9.121250E+00,+303.318E-03,+5.046025E+00
+9.128750E+00,+267.782E-03,+5.046025E+00
+9.136250E+00,+221.845E-03,+5.046025E+00
+9.143750E+00,+200.837E-03,+5.093243E+00
+9.151250E+00,+261.301E-03,+5.046025E+00
+9.158750E+00,+267.782E-03,+5.044460E+00
+9.166250E+00,+200.837E-03,+5.046025E+00
+9.173750E+00,+249.619E-03,+5.046025E+00
+9.181250E+00,+200.837E-03,+5.046025E+00
+9.188750E+00,+200.837E-03,+5.109335E+00
+9.196250E+00,+267.782E-03,+5.046025E+00
+9.203750E+00,+267.782E-03,+5.046025E+00
+9.211250E+00,+200.837E-03,+5.046025E+00
+9.218750E+00,+267.782E-03,+5.087552E+00
+9.226250E+00,+266.992E-03,+5.111389E+00
+9.233750E+00,+267.782E-03,+5.046025E+00
+9.241250E+00,+200.837E-03,+5.046025E+00
+9.248750E+00,+267.782E-03,+5.046025E+00
+9.256250E+00,+267.782E-03,+5.074289E+00
+9.263750E+00,+265.728E-03,+5.046025E+00
+9.271250E+00,+182.201E-03,+5.046025E+00
+9.278750E+00,+200.837E-03,+5.046025E+00
+9.286250E+00,+200.837E-03,+5.093716E+00
+9.293750E+00,+236.674E-03,+5.046025E+00
+9.301250E+00,+262.883E-03,+5.112971E+00
+9.308750E+00,+200.837E-03,+5.067335E+00
+9.316250E+00,+220.264E-03,+5.093544E+00
+9.323750E+00,+207.619E-03,+5.106189E+00
+9.331250E+00,+267.782E-03,+5.079979E+00
+9.338750E+00,+260.038E-03,+5.105226E+00
+9.346250E+00,+267.782E-03,+4.997544E+00
+9.353750E+00,+223.109E-03,+5.046025E+00
+9.361250E+00,+200.837E-03,+5.105097E+00
+9.368750E+00,+230.983E-03,+5.046025E+00
+9.376250E+00,+257.192E-03,+5.046025E+00
+9.383750E+00,+252.163E-03,+5.046025E+00
+9.391250E+00,+242.665E-03,+5.071142E+00
+9.398750E+00,+199.745E-03,+5.046025E+00
+9.406250E+00,+240.481E-03,+5.058369E+00
+9.413750E+00,+214.272E-03,+5.046025E+00
+9.421250E+00,+267.782E-03,+5.046025E+00
+9.428750E+00,+239.820E-03,+5.018063E+00
+9.436250E+00,+200.837E-03,+5.047778E+00
+9.443750E+00,+200.837E-03,+5.003536E+00
+9.451250E+00,+200.837E-03,+5.046025E+00
+9.458750E+00,+210.766E-03,+5.046025E+00
+9.466250E+00,+231.644E-03,+5.046025E+00
+9.473750E+00,+263.184E-03,+5.112971E+00
+9.481250E+00,+177.113E-03,+5.024414E+00
+9.488750E+00,+219.962E-03,+5.046025E+00
+9.496250E+00,+327.644E-03,+4.986163E+00
+9.503750E+00,+267.782E-03,+5.079318E+00
+9.511250E+00,+267.782E-03,+5.038582E+00
+9.518750E+00,+267.782E-03,+5.046025E+00
+9.526250E+00,+200.837E-03,+5.067996E+00
+9.533750E+00,+267.782E-03,+5.104494E+00
+9.541250E+00,+267.782E-03,+5.046025E+00
+9.548750E+00,+154.469E-03,+5.035736E+00
+9.556250E+00,+267.782E-03,+5.046025E+00
+9.563750E+00,+242.966E-03,+5.046025E+00
+9.571250E+00,+333.335E-03,+5.046025E+00
+9.578750E+00,+267.782E-03,+5.046025E+00
+9.586250E+00,+213.971E-03,+5.032891E+00
+9.593750E+00,+254.707E-03,+5.032950E+00
+9.601250E+00,+267.782E-03,+5.085310E+00
+9.608750E+00,+266.330E-03,+5.047477E+00
+9.616250E+00,+243.025E-03,+5.046025E+00
+9.623750E+00,+251.803E-03,+5.046025E+00
+9.631250E+00,+200.837E-03,+5.046025E+00
+9.638750E+00,+200.837E-03,+5.046025E+00
+9.646250E+00,+267.782E-03,+5.108674E+00
+9.653750E+00,+245.870E-03,+5.046025E+00
+9.661250E+00,+200.837E-03,+5.046025E+00
+9.668750E+00,+208.222E-03,+5.105586E+00
+9.676250E+00,+267.782E-03,+5.079619E+00
+9.683750E+00,+267.782E-03,+5.046025E+00
+9.691250E+00,+267.782E-03,+5.046025E+00
+9.698750E+00,+222.506E-03,+5.024356E+00
+9.706250E+00,+200.837E-03,+5.046025E+00
+9.713750E+00,+237.034E-03,+5.046025E+00
+9.721250E+00,+257.795E-03,+5.046025E+00
+9.728750E+00,+184.615E-03,+5.096749E+00
+9.736250E+00,+225.352E-03,+5.070540E+00
+9.743750E+00,+200.837E-03,+5.046025E+00
+9.751250E+00,+228.740E-03,+5.073929E+00
+9.758750E+00,+254.950E-03,+5.046025E+00
+9.766250E+00,+200.837E-03,+5.099594E+00
+9.773750E+00,+188.611E-03,+5.046025E+00
+9.781250E+00,+332.427E-03,+5.111820E+00
+9.788750E+00,+225.895E-03,+5.046025E+00
+9.796250E+00,+200.837E-03,+5.097293E+00
+9.803750E+00,+257.251E-03,+5.046025E+00
+9.811250E+00,+237.577E-03,+5.009285E+00
+9.818750E+00,+200.837E-03,+4.983076E+00
+9.826250E+00,+267.782E-03,+5.046025E+00
+9.833750E+00,+249.259E-03,+5.046025E+00
+9.841250E+00,+208.523E-03,+5.046025E+00
+9.848750E+00,+266.937E-03,+5.079921E+00
+9.856250E+00,+207.678E-03,+5.046025E+00
+9.863750E+00,+220.205E-03,+5.046025E+00
+9.871250E+00,+270.623E-03,+5.024657E+00
+9.878750E+00,+267.782E-03,+5.041184E+00
+9.886250E+00,+231.887E-03,+5.014975E+00
+9.893750E+00,+258.096E-03,+4.988766E+00
+9.901250E+00,+200.837E-03,+5.046025E+00
+9.908750E+00,+267.782E-03,+5.046025E+00
+9.916250E+00,+267.782E-03,+5.046025E+00
+9.923750E+00,+229.042E-03,+5.046025E+00
+9.931250E+00,+267.782E-03,+5.033494E+00
+9.938750E+00,+254.105E-03,+5.059703E+00
+9.946250E+00,+254.954E-03,+5.046025E+00
+9.953750E+00,+333.879E-03,+5.046875E+00
+9.961250E+00,+242.423E-03,+5.046025E+00
+9.968750E+00,+267.782E-03,+5.046025E+00
+9.976250E+00,+211.669E-03,+5.035193E+00
+9.983750E+00,+267.782E-03,+5.046025E+00
+9.991250E+00,+200.837E-03,+4.979080E+00
+9.998750E+00,+200.837E-03,+5.046025E+00
+10.006250E+00,+267.782E-03,+5.027803E+00
+10.013750E+00,+208.824E-03,+5.046025E+00
+10.021250E+00,+200.837E-03,+5.046025E+00
+10.028750E+00,+261.243E-03,+5.046025E+00
+10.036250E+00,+200.837E-03,+4.998749E+00
+10.043750E+00,+200.837E-03,+5.024958E+00
+10.051250E+00,+205.979E-03,+5.046025E+00
+10.058750E+00,+232.188E-03,+5.050268E+00
+10.066250E+00,+267.782E-03,+5.055410E+00
+10.073750E+00,+217.661E-03,+5.046025E+00
+10.081250E+00,+200.837E-03,+5.002992E+00
+10.088750E+00,+200.837E-03,+5.046025E+00
+10.096250E+00,+306.222E-03,+5.046025E+00
+10.103750E+00,+200.837E-03,+5.046025E+00
+10.111250E+00,+253.803E-03,+5.098992E+00
+10.118750E+00,+227.594E-03,+5.005837E+00
+10.126250E+00,+267.782E-03,+4.979080E+00
+10.133750E+00,+267.782E-03,+5.004741E+00
+10.141250E+00,+267.782E-03,+5.046025E+00
+10.148750E+00,+211.971E-03,+5.046025E+00
+10.156250E+00,+267.782E-03,+5.075628E+00
+10.163750E+00,+204.230E-03,+5.046025E+00
+10.171250E+00,+244.967E-03,+5.046025E+00
+10.178750E+00,+267.782E-03,+4.997000E+00
+10.186250E+00,+259.494E-03,+5.046025E+00
+10.193750E+00,+235.335E-03,+5.013577E+00
+10.201250E+00,+207.075E-03,+4.985318E+00
+10.208750E+00,+267.782E-03,+5.046025E+00
+10.216250E+00,+267.782E-03,+5.092205E+00
+10.223750E+00,+262.339E-03,+5.046025E+00
+10.231250E+00,+236.130E-03,+5.046025E+00
+10.238750E+00,+258.699E-03,+4.979080E+00
+10.246250E+00,+250.657E-03,+5.028900E+00
+10.253750E+00,+244.171E-03,+5.002691E+00
+10.261250E+00,+265.184E-03,+4.981678E+00
+10.268750E+00,+229.644E-03,+5.046025E+00
+10.276250E+00,+310.870E-03,+4.979080E+00
+10.283750E+00,+229.397E-03,+5.046025E+00
+10.291250E+00,+267.782E-03,+5.046025E+00
+10.298750E+00,+201.084E-03,+4.979080E+00
+10.306250E+00,+267.782E-03,+5.046025E+00
+10.313750E+00,+267.782E-03,+5.060799E+00
+10.321250E+00,+200.837E-03,+5.046025E+00
+10.328750E+00,+230.138E-03,+5.046025E+00
+10.336250E+00,+203.929E-03,+5.049117E+00
+10.343750E+00,+200.837E-03,+5.046025E+00
+10.351250E+00,+267.782E-03,+4.996699E+00
+10.358750E+00,+200.837E-03,+5.046025E+00
+10.366250E+00,+267.782E-03,+5.011226E+00
+10.373750E+00,+267.782E-03,+5.046025E+00
+10.381250E+00,+221.109E-03,+5.046025E+00
+10.388750E+00,+267.782E-03,+5.046025E+00
+10.396250E+00,+267.782E-03,+5.046025E+00
+10.403750E+00,+267.782E-03,+5.046025E+00
+10.411250E+00,+200.837E-03,+5.037243E+00
+10.418750E+00,+317.301E-03,+5.046025E+00
+10.426250E+00,+247.456E-03,+5.046025E+00
+10.433750E+00,+203.736E-03,+5.043126E+00
+10.441250E+00,+305.619E-03,+5.075134E+00
+10.448750E+00,+212.465E-03,+4.979080E+00
+10.456250E+00,+200.837E-03,+5.008243E+00
+10.463750E+00,+267.782E-03,+5.046025E+00
+10.471250E+00,+267.728E-03,+5.046025E+00
+10.478750E+00,+253.364E-03,+5.005343E+00
+10.486250E+00,+200.837E-03,+4.993553E+00
+10.493750E+00,+200.837E-03,+4.990816E+00
+10.501250E+00,+200.837E-03,+5.046025E+00
+10.508750E+00,+264.992E-03,+5.046025E+00
+10.516250E+00,+200.837E-03,+5.089553E+00
+10.523750E+00,+218.155E-03,+5.046025E+00
+10.531250E+00,+151.673E-03,+4.987971E+00
+10.538750E+00,+267.782E-03,+5.046025E+00
+10.546250E+00,+145.163E-03,+5.046025E+00
+10.553750E+00,+267.782E-03,+5.020226E+00
+10.561250E+00,+221.000E-03,+5.066189E+00
+10.568750E+00,+200.837E-03,+5.046025E+00
+10.576250E+00,+233.092E-03,+5.080716E+00
+10.583750E+00,+259.301E-03,+5.054507E+00
+10.591250E+00,+250.054E-03,+5.046025E+00
+10.598750E+00,+223.845E-03,+5.046025E+00
+10.606250E+00,+264.582E-03,+5.046025E+00
+10.613750E+00,+230.247E-03,+5.046025E+00
+10.621250E+00,+200.837E-03,+5.090318E+00
+10.628750E+00,+215.720E-03,+4.993962E+00
+10.636250E+00,+241.929E-03,+5.004933E+00
+10.643750E+00,+267.782E-03,+5.046381E+00
+10.651250E+00,+253.966E-03,+5.019460E+00
+10.658750E+00,+281.954E-03,+5.046025E+00
+10.666250E+00,+255.745E-03,+5.046025E+00
+10.673750E+00,+239.084E-03,+5.074724E+00
+10.681250E+00,+200.837E-03,+5.046025E+00
+10.688750E+00,+200.837E-03,+5.065532E+00
+10.696250E+00,+200.837E-03,+5.046025E+00
+10.703750E+00,+210.029E-03,+5.046025E+00
+10.711250E+00,+200.837E-03,+5.077569E+00
+10.718750E+00,+200.837E-03,+5.046025E+00
+10.726250E+00,+226.034E-03,+4.999954E+00
+10.733750E+00,+314.866E-03,+5.018804E+00
+10.741250E+00,+207.184E-03,+5.106624E+00
+10.748750E+00,+233.393E-03,+5.011636E+00
+10.756250E+00,+259.602E-03,+5.046025E+00
+10.763750E+00,+249.753E-03,+5.064054E+00
+10.771250E+00,+245.075E-03,+5.068732E+00
+10.778750E+00,+200.837E-03,+5.046025E+00
+10.786250E+00,+230.548E-03,+5.046025E+00
+10.793750E+00,+256.757E-03,+5.046025E+00
+10.801250E+00,+200.837E-03,+4.994264E+00
+10.808750E+00,+200.837E-03,+5.030184E+00
+10.816250E+00,+201.494E-03,+5.046025E+00
+10.823750E+00,+267.782E-03,+5.005946E+00
+10.831250E+00,+281.653E-03,+4.992950E+00
+10.838750E+00,+280.121E-03,+5.046025E+00
+10.846250E+00,+239.385E-03,+4.979080E+00
+10.853750E+00,+267.782E-03,+5.046025E+00
+10.861250E+00,+267.782E-03,+5.088950E+00
+10.868750E+00,+217.552E-03,+5.029310E+00
+10.876250E+00,+258.289E-03,+4.979080E+00
+10.883750E+00,+200.837E-03,+5.046025E+00
+10.891250E+00,+200.837E-03,+4.979080E+00
+10.898750E+00,+222.012E-03,+5.046025E+00
+10.906250E+00,+315.167E-03,+5.065586E+00
+10.913750E+00,+207.485E-03,+5.046025E+00
+10.921250E+00,+267.782E-03,+5.046025E+00
+10.928750E+00,+267.782E-03,+5.046025E+00
+10.936250E+00,+267.782E-03,+4.997410E+00
+10.943750E+00,+267.782E-03,+4.979080E+00
+10.951250E+00,+204.640E-03,+5.042222E+00
+10.958750E+00,+267.782E-03,+5.112971E+00
+10.966250E+00,+144.615E-03,+5.046025E+00
+10.973750E+00,+252.297E-03,+4.979080E+00
+10.981250E+00,+267.782E-03,+5.046025E+00
+10.988750E+00,+200.837E-03,+4.980038E+00
+10.996250E+00,+267.782E-03,+5.046025E+00
+11.003750E+00,+227.975E-03,+5.059594E+00
+11.011250E+00,+255.142E-03,+5.046025E+00
+11.018750E+00,+267.782E-03,+5.007176E+00
+11.026250E+00,+267.782E-03,+5.047912E+00
+11.033750E+00,+225.159E-03,+5.046025E+00
+11.041250E+00,+267.782E-03,+5.080142E+00
+11.048750E+00,+191.042E-03,+5.036230E+00
+11.056250E+00,+267.782E-03,+5.046025E+00
+11.063750E+00,+205.569E-03,+5.046025E+00
+11.071250E+00,+246.306E-03,+5.046025E+00
+11.078750E+00,+248.523E-03,+4.998339E+00
+11.086250E+00,+207.786E-03,+5.099071E+00
+11.093750E+00,+200.837E-03,+5.079812E+00
+11.101250E+00,+200.837E-03,+5.046025E+00
+11.108750E+00,+200.837E-03,+5.027394E+00
+11.116250E+00,+267.782E-03,+5.068130E+00
+11.123750E+00,+263.678E-03,+5.108866E+00
+11.131250E+00,+231.151E-03,+5.076339E+00
+11.138750E+00,+211.260E-03,+4.979080E+00
+11.146250E+00,+133.891E-03,+4.994866E+00
+11.153750E+00,+267.782E-03,+5.046025E+00
+11.161250E+00,+200.837E-03,+5.047285E+00
+11.168750E+00,+267.782E-03,+5.058034E+00
+11.176250E+00,+214.105E-03,+5.046025E+00
+11.183750E+00,+200.837E-03,+5.046025E+00
+11.191250E+00,+267.782E-03,+5.006875E+00
+11.198750E+00,+200.837E-03,+5.044439E+00
+11.206250E+00,+292.406E-03,+5.003703E+00
+11.213750E+00,+216.950E-03,+5.096858E+00
+11.221250E+00,+314.536E-03,+5.035929E+00
+11.228750E+00,+231.477E-03,+5.046025E+00
+11.236250E+00,+200.837E-03,+5.046025E+00
+11.243750E+00,+222.615E-03,+5.091193E+00
+11.251250E+00,+219.795E-03,+5.046025E+00
+11.258750E+00,+200.837E-03,+5.038774E+00
+11.266250E+00,+234.322E-03,+5.012540E+00
+11.273750E+00,+267.782E-03,+5.046025E+00
+11.281250E+00,+267.782E-03,+5.094038E+00
+11.288750E+00,+222.640E-03,+5.046025E+00
+11.296250E+00,+200.837E-03,+5.046025E+00
+11.303750E+00,+200.837E-03,+5.046025E+00
+11.311250E+00,+277.904E-03,+5.046025E+00
+11.318750E+00,+267.782E-03,+5.046025E+00
+11.326250E+00,+225.485E-03,+5.021377E+00
+11.333750E+00,+200.837E-03,+5.046025E+00
+11.341250E+00,+200.837E-03,+5.046025E+00
+11.348750E+00,+254.816E-03,+5.058992E+00
+11.356250E+00,+267.782E-03,+5.046025E+00
+11.363750E+00,+200.837E-03,+5.046025E+00
+11.371250E+00,+136.460E-03,+5.046025E+00
+11.378750E+00,+242.858E-03,+5.021101E+00
+11.386250E+00,+216.649E-03,+5.046025E+00
+11.393750E+00,+267.782E-03,+5.046025E+00
+11.401250E+00,+267.782E-03,+5.046025E+00
+11.408750E+00,+200.837E-03,+4.983209E+00
+11.416250E+00,+267.782E-03,+5.046025E+00
+11.423750E+00,+249.125E-03,+5.046025E+00
+11.431250E+00,+208.389E-03,+5.053577E+00
+11.438750E+00,+267.782E-03,+5.046025E+00
+11.446250E+00,+260.807E-03,+5.046025E+00
+11.453750E+00,+200.837E-03,+5.046025E+00
+11.461250E+00,+246.280E-03,+5.091469E+00
+11.468750E+00,+267.782E-03,+5.046025E+00
+11.476250E+00,+267.782E-03,+5.046025E+00
+11.483750E+00,+267.782E-03,+5.046025E+00
+11.491250E+00,+267.782E-03,+5.062414E+00
+11.498750E+00,+243.435E-03,+5.046025E+00
+11.506250E+00,+265.921E-03,+4.980941E+00
+11.513750E+00,+228.908E-03,+5.035222E+00
+11.521250E+00,+322.063E-03,+5.058691E+00
+11.528750E+00,+254.239E-03,+5.046025E+00
+11.536250E+00,+267.782E-03,+5.046025E+00
+11.543750E+00,+267.782E-03,+5.046025E+00
+11.551250E+00,+242.557E-03,+5.071251E+00
+11.558750E+00,+267.782E-03,+5.046025E+00
+11.566250E+00,+211.535E-03,+5.046025E+00
+11.573750E+00,+267.782E-03,+5.015987E+00
+11.581250E+00,+330.899E-03,+5.049854E+00
+11.588750E+00,+290.163E-03,+5.046025E+00
+11.596250E+00,+249.427E-03,+5.046025E+00
+11.603750E+00,+200.837E-03,+5.105117E+00
+11.611250E+00,+266.603E-03,+5.046025E+00
+11.618750E+00,+200.837E-03,+5.052699E+00
+11.626250E+00,+267.782E-03,+5.046025E+00
+11.633750E+00,+267.782E-03,+5.021482E+00
+11.641250E+00,+267.782E-03,+5.046025E+00
+11.648750E+00,+267.782E-03,+5.112971E+00
+11.656250E+00,+258.263E-03,+5.112971E+00
+11.663750E+00,+217.527E-03,+5.062715E+00
+11.671250E+00,+267.782E-03,+5.088925E+00
+11.678750E+00,+265.619E-03,+5.110808E+00
+11.686250E+00,+200.837E-03,+5.179916E+00
+11.693750E+00,+255.418E-03,+5.112971E+00
+11.701250E+00,+267.782E-03,+5.339218E+00
+11.708750E+00,+267.782E-03,+5.447699E+00
+11.716250E+00,+201.519E-03,+5.381435E+00
+11.723750E+00,+242.255E-03,+5.422172E+00
+11.731250E+00,+216.046E-03,+5.365544E+00
+11.738750E+00,+267.782E-03,+5.447699E+00
+11.746250E+00,+200.837E-03,+5.484908E+00
+11.753750E+00,+200.837E-03,+5.451226E+00
+11.761250E+00,+200.837E-03,+5.916318E+00
+11.768750E+00,+200.837E-03,+5.916318E+00
+11.776250E+00,+200.837E-03,+5.983264E+00
+11.783750E+00,+233.419E-03,+5.950682E+00
+11.791250E+00,+315.611E-03,+5.983264E+00
+11.798750E+00,+267.782E-03,+5.916318E+00
+11.806250E+00,+200.837E-03,+5.937218E+00
+11.813750E+00,+206.146E-03,+5.977954E+00
+11.821250E+00,+232.356E-03,+5.951745E+00
+11.828750E+00,+267.782E-03,+5.983264E+00
+11.836250E+00,+183.845E-03,+5.933310E+00
+11.843750E+00,+224.582E-03,+5.940063E+00
+11.851250E+00,+267.782E-03,+5.983264E+00
+11.858750E+00,+200.837E-03,+5.983264E+00
+11.866250E+00,+145.954E-03,+6.050209E+00
+11.873750E+00,+148.038E-03,+5.997410E+00
+11.881250E+00,+174.247E-03,+5.942908E+00
+11.888750E+00,+201.218E-03,+5.983264E+00
+11.896250E+00,+200.837E-03,+6.009092E+00
+11.903750E+00,+267.782E-03,+9.985092E+00
+11.911250E+00,+256.481E-03,+9.933054E+00
+11.918750E+00,+200.837E-03,+9.962490E+00
+11.926250E+00,+264.556E-03,+9.996774E+00
+11.933750E+00,+244.799E-03,+10.000000E+00
+11.941250E+00,+218.590E-03,+9.982247E+00
+11.948750E+00,+267.782E-03,+9.933054E+00
+11.956250E+00,+168.556E-03,+10.000000E+00
+11.963750E+00,+200.837E-03,+10.060874E+00
+11.971250E+00,+200.837E-03,+9.933054E+00
+11.978750E+00,+133.891E-03,+9.979402E+00
+11.986250E+00,+195.226E-03,+9.994389E+00
+11.993750E+00,+169.017E-03,+10.000000E+00
+12.001250E+00,+191.920E-03,+10.000000E+00
+12.008750E+00,+250.490E-03,+9.982707E+00
+12.016250E+00,+244.339E-03,+9.976556E+00
+12.023750E+00,+203.602E-03,+10.000000E+00
+12.031250E+00,+238.808E-03,+9.971025E+00
+12.038750E+00,+256.021E-03,+9.944816E+00
+12.046250E+00,+229.732E-03,+9.947502E+00
+12.053750E+00,+308.439E-03,+9.959343E+00
+12.061250E+00,+267.782E-03,+10.000000E+00
+12.068750E+00,+267.782E-03,+5.139100E+00
+12.076250E+00,+267.782E-03,+5.112971E+00
+12.083750E+00,+212.439E-03,+5.124573E+00
+12.091250E+00,+192.159E-03,+5.075159E+00
+12.098750E+00,+200.837E-03,+5.048950E+00
+12.106250E+00,+267.782E-03,+5.069310E+00
+12.113750E+00,+232.878E-03,+5.112971E+00
+12.121250E+00,+209.594E-03,+4.987837E+00
+12.128750E+00,+200.837E-03,+5.011059E+00
+12.136250E+00,+206.607E-03,+5.046025E+00
+12.143750E+00,+247.343E-03,+4.999519E+00
+12.151250E+00,+267.782E-03,+5.019674E+00
+12.158750E+00,+261.870E-03,+5.046025E+00
+12.166250E+00,+235.661E-03,+5.078146E+00
+12.173750E+00,+209.452E-03,+5.046025E+00
+12.181250E+00,+267.782E-03,+5.046025E+00
+12.188750E+00,+221.498E-03,+5.002222E+00
+12.196250E+00,+200.837E-03,+4.982146E+00
+12.203750E+00,+259.389E-03,+5.046025E+00
+12.211250E+00,+323.268E-03,+4.979080E+00
+12.218750E+00,+319.979E-03,+5.098222E+00
+12.226250E+00,+282.753E-03,+5.086983E+00
+12.233750E+00,+200.837E-03,+5.112749E+00
+12.241250E+00,+308.297E-03,+5.086540E+00
+12.248750E+00,+253.477E-03,+5.031720E+00
+12.256250E+00,+224.644E-03,+5.046025E+00
+12.263750E+00,+238.950E-03,+5.074858E+00
+12.271250E+00,+265.159E-03,+5.046025E+00
+12.278750E+00,+267.782E-03,+5.046025E+00
+12.286250E+00,+267.782E-03,+5.028874E+00
+12.293750E+00,+276.841E-03,+5.046025E+00
+12.301250E+00,+299.460E-03,+5.046025E+00
+12.308750E+00,+206.306E-03,+5.040556E+00
+12.316250E+00,+247.042E-03,+4.999820E+00
+12.323750E+00,+200.837E-03,+5.092975E+00
+12.331250E+00,+267.782E-03,+5.046025E+00
+12.338750E+00,+265.682E-03,+5.046025E+00
+12.346250E+00,+267.782E-03,+5.037711E+00
+12.353750E+00,+218.732E-03,+5.063920E+00
+12.361250E+00,+223.678E-03,+5.046025E+00
+12.368750E+00,+204.205E-03,+5.046025E+00
+12.376250E+00,+305.151E-03,+5.046025E+00
+12.383750E+00,+267.782E-03,+5.034866E+00
+12.391250E+00,+267.782E-03,+4.994130E+00
+12.398750E+00,+242.096E-03,+5.046025E+00
+12.406250E+00,+201.883E-03,+4.979603E+00
+12.413750E+00,+200.837E-03,+5.046025E+00
+12.421250E+00,+320.724E-03,+4.993084E+00
+12.428750E+00,+213.042E-03,+4.991285E+00
+12.436250E+00,+200.837E-03,+5.084439E+00
+12.443750E+00,+203.159E-03,+4.981402E+00
+12.451250E+00,+200.837E-03,+5.046025E+00
+12.458750E+00,+234.083E-03,+4.995929E+00
+12.466250E+00,+258.423E-03,+5.046025E+00
+12.473750E+00,+236.406E-03,+5.014649E+00
+12.481250E+00,+324.393E-03,+4.984247E+00
+12.488750E+00,+221.879E-03,+5.046025E+00
+12.496250E+00,+248.088E-03,+5.026331E+00
+12.503750E+00,+207.351E-03,+5.039511E+00
+12.511250E+00,+166.615E-03,+5.046025E+00
+12.518750E+00,+208.849E-03,+4.987092E+00
+12.526250E+00,+267.782E-03,+4.997276E+00
+12.533750E+00,+200.837E-03,+5.046025E+00
+12.541250E+00,+264.113E-03,+4.982749E+00
+12.548750E+00,+267.782E-03,+5.038837E+00
+12.556250E+00,+200.837E-03,+5.046025E+00
+12.563750E+00,+319.377E-03,+5.046025E+00
+12.571250E+00,+267.782E-03,+5.071410E+00
+12.578750E+00,+267.782E-03,+5.046025E+00
+12.586250E+00,+307.695E-03,+5.112971E+00
+12.593750E+00,+267.782E-03,+5.046025E+00
+12.601250E+00,+280.289E-03,+5.046025E+00
+12.608750E+00,+239.552E-03,+4.979080E+00
+12.616250E+00,+202.858E-03,+5.110950E+00
+12.623750E+00,+249.213E-03,+5.046025E+00
+12.631250E+00,+267.782E-03,+5.130272E+00
+12.638750E+00,+277.443E-03,+5.046025E+00
+12.646250E+00,+231.912E-03,+5.046025E+00
+12.653750E+00,+205.703E-03,+5.046025E+00
+12.661250E+00,+200.837E-03,+5.046025E+00
+12.668750E+00,+200.837E-03,+5.046025E+00
+12.676250E+00,+267.782E-03,+5.106155E+00
+12.683750E+00,+233.862E-03,+5.046025E+00
+12.691250E+00,+208.548E-03,+5.046025E+00
+12.698750E+00,+267.782E-03,+5.027527E+00
+12.706250E+00,+223.075E-03,+5.068264E+00
+12.713750E+00,+204.807E-03,+5.105030E+00
+12.721250E+00,+274.368E-03,+5.009259E+00
+12.728750E+00,+211.393E-03,+5.046025E+00
+12.736250E+00,+319.075E-03,+4.994732E+00
+12.743750E+00,+267.782E-03,+5.087887E+00
+12.751250E+00,+266.657E-03,+5.046025E+00
+12.758750E+00,+228.171E-03,+5.073360E+00
+12.766250E+00,+214.239E-03,+5.046025E+00
+12.773750E+00,+267.782E-03,+5.046025E+00
+12.781250E+00,+200.837E-03,+5.018096E+00
+12.788750E+00,+200.837E-03,+5.044305E+00
+12.796250E+00,+267.782E-03,+5.070515E+00
+12.803750E+00,+267.782E-03,+5.096724E+00
+12.811250E+00,+267.782E-03,+5.046025E+00
+12.818750E+00,+231.611E-03,+4.979080E+00
+12.826250E+00,+209.967E-03,+5.046025E+00
+12.833750E+00,+246.138E-03,+5.000724E+00
+12.841250E+00,+315.636E-03,+5.046025E+00
+12.848750E+00,+200.837E-03,+4.986197E+00
+12.856250E+00,+200.837E-03,+5.046025E+00
+12.863750E+00,+208.247E-03,+5.053435E+00
+12.871250E+00,+315.929E-03,+5.046025E+00
+12.878750E+00,+267.782E-03,+4.979080E+00
+12.886250E+00,+267.782E-03,+5.046025E+00
+12.893750E+00,+267.782E-03,+5.046025E+00
+12.901250E+00,+267.782E-03,+5.046025E+00
+12.908750E+00,+267.782E-03,+5.030071E+00
+12.916250E+00,+243.000E-03,+5.046025E+00
+12.923750E+00,+202.263E-03,+5.046025E+00
+12.931250E+00,+200.837E-03,+5.046025E+00
+12.938750E+00,+213.937E-03,+5.032925E+00
+12.946250E+00,+241.565E-03,+5.005297E+00
+12.953750E+00,+173.209E-03,+5.006707E+00
+12.961250E+00,+267.782E-03,+4.980498E+00
+12.968750E+00,+218.201E-03,+5.088180E+00
+12.976250E+00,+184.891E-03,+5.097025E+00
+12.983750E+00,+221.364E-03,+5.046025E+00
+12.991250E+00,+237.309E-03,+5.015552E+00
+12.998750E+00,+205.101E-03,+5.041761E+00
+13.006250E+00,+222.782E-03,+5.001025E+00
+13.013750E+00,+219.628E-03,+5.046025E+00
+13.021250E+00,+200.837E-03,+4.979080E+00
+13.028750E+00,+201.146E-03,+5.012707E+00
+13.036250E+00,+207.946E-03,+5.098753E+00
+13.043750E+00,+219.937E-03,+4.979080E+00
+13.051250E+00,+200.837E-03,+5.024389E+00
+13.058750E+00,+196.264E-03,+5.046025E+00
+13.066250E+00,+200.837E-03,+5.046025E+00
+13.073750E+00,+200.837E-03,+5.103017E+00
+13.081250E+00,+200.837E-03,+5.046025E+00
+13.088750E+00,+200.837E-03,+5.064008E+00
+13.096250E+00,+267.782E-03,+5.046025E+00
+13.103750E+00,+228.774E-03,+5.046025E+00
+13.111250E+00,+309.129E-03,+5.033226E+00
+13.118750E+00,+200.837E-03,+4.992490E+00
+13.126250E+00,+228.163E-03,+5.046025E+00
+13.133750E+00,+200.837E-03,+5.046025E+00
+13.141250E+00,+267.782E-03,+5.029263E+00
+13.148750E+00,+200.837E-03,+5.030381E+00
+13.156250E+00,+257.218E-03,+5.046025E+00
+13.163750E+00,+200.837E-03,+5.046025E+00
+13.171250E+00,+267.782E-03,+4.979080E+00
+13.178750E+00,+200.837E-03,+5.090724E+00
+13.186250E+00,+267.782E-03,+5.046025E+00
+13.193750E+00,+200.837E-03,+4.986799E+00
+13.201250E+00,+266.871E-03,+5.013008E+00
+13.208750E+00,+200.837E-03,+4.992695E+00
+13.216250E+00,+220.238E-03,+5.046025E+00
+13.223750E+00,+200.837E-03,+5.046025E+00
+13.231250E+00,+262.908E-03,+5.112971E+00
+13.238750E+00,+200.837E-03,+5.112971E+00
+13.246250E+00,+200.837E-03,+5.036372E+00
+13.253750E+00,+200.837E-03,+5.029469E+00
+13.261250E+00,+200.837E-03,+5.003260E+00
+13.268750E+00,+200.837E-03,+5.046025E+00
+13.276250E+00,+229.075E-03,+5.046025E+00
+13.283750E+00,+267.782E-03,+5.100473E+00
+13.291250E+00,+334.728E-03,+4.979080E+00
+13.298750E+00,+240.757E-03,+5.046025E+00
+13.306250E+00,+200.837E-03,+5.045209E+00
+13.313750E+00,+226.230E-03,+5.071418E+00
+13.321250E+00,+237.096E-03,+5.061368E+00
+13.328750E+00,+200.837E-03,+5.046025E+00
+13.336250E+00,+230.707E-03,+5.046025E+00
+13.343750E+00,+264.121E-03,+5.046025E+00
+13.351250E+00,+245.234E-03,+5.068573E+00
+13.358750E+00,+219.025E-03,+5.046025E+00
+13.366250E+00,+267.782E-03,+4.987100E+00
+13.373750E+00,+267.782E-03,+5.011795E+00
+13.381250E+00,+207.343E-03,+5.046025E+00
+13.388750E+00,+220.540E-03,+5.046025E+00
+13.396250E+00,+313.694E-03,+5.046025E+00
+13.403750E+00,+324.377E-03,+5.046025E+00
+13.411250E+00,+200.837E-03,+5.077410E+00
+13.418750E+00,+161.946E-03,+5.046025E+00
+13.426250E+00,+267.782E-03,+5.046025E+00
+13.433750E+00,+267.782E-03,+4.979080E+00
+13.441250E+00,+200.837E-03,+5.046025E+00
+13.448750E+00,+239.243E-03,+5.007619E+00
+13.456250E+00,+267.782E-03,+5.033828E+00
+13.463750E+00,+267.782E-03,+5.032013E+00
+13.471250E+00,+227.561E-03,+5.046025E+00
+13.478750E+00,+200.837E-03,+5.046025E+00
+13.486250E+00,+242.088E-03,+4.979080E+00
+13.493750E+00,+252.740E-03,+5.046025E+00
+13.501250E+00,+278.950E-03,+5.034858E+00
+13.508750E+00,+267.782E-03,+4.979080E+00
+13.516250E+00,+264.422E-03,+5.112971E+00
+13.523750E+00,+244.933E-03,+5.023176E+00
+13.531250E+00,+236.611E-03,+4.930021E+00
+13.538750E+00,+267.782E-03,+4.979080E+00
+13.546250E+00,+267.782E-03,+4.979080E+00
+13.553750E+00,+207.042E-03,+4.985285E+00
+13.561250E+00,+267.782E-03,+4.979080E+00
+13.568750E+00,+247.050E-03,+5.025293E+00
+13.576250E+00,+262.306E-03,+5.040548E+00
+13.583750E+00,+267.782E-03,+5.046025E+00
+13.591250E+00,+267.782E-03,+5.036975E+00
+13.598750E+00,+200.837E-03,+5.046025E+00
+13.606250E+00,+133.891E-03,+5.022448E+00
+13.613750E+00,+200.837E-03,+5.043394E+00
+13.621250E+00,+200.837E-03,+5.046025E+00
+13.628750E+00,+200.837E-03,+5.034130E+00
+13.636250E+00,+200.837E-03,+5.031712E+00
+13.643750E+00,+227.260E-03,+4.979080E+00
+13.651250E+00,+267.782E-03,+5.046025E+00
+13.658750E+00,+267.782E-03,+4.979080E+00
+13.666250E+00,+200.837E-03,+4.993820E+00
+13.673750E+00,+267.782E-03,+4.990548E+00
+13.681250E+00,+246.924E-03,+5.016757E+00
+13.688750E+00,+203.896E-03,+4.982138E+00
+13.696250E+00,+244.632E-03,+5.046025E+00
+13.703750E+00,+267.782E-03,+5.046025E+00
+13.711250E+00,+259.159E-03,+5.037402E+00
+13.718750E+00,+299.896E-03,+5.011193E+00
+13.726250E+00,+206.741E-03,+5.046025E+00
+13.733750E+00,+267.782E-03,+4.999385E+00
+13.741250E+00,+267.782E-03,+5.046025E+00
+13.748750E+00,+206.615E-03,+4.979080E+00
+13.756250E+00,+235.795E-03,+5.046025E+00
+13.763750E+00,+267.782E-03,+5.037276E+00
+13.771250E+00,+200.837E-03,+5.046025E+00
+13.778750E+00,+200.837E-03,+5.046025E+00
+13.786250E+00,+200.837E-03,+4.982013E+00
+13.793750E+00,+267.782E-03,+5.083829E+00
+13.801250E+00,+212.431E-03,+5.034431E+00
+13.808750E+00,+200.837E-03,+5.046025E+00
+13.816250E+00,+226.958E-03,+5.046025E+00
+13.823750E+00,+267.695E-03,+5.046113E+00
+13.831250E+00,+200.837E-03,+5.019728E+00
+13.838750E+00,+215.276E-03,+4.979080E+00
+13.846250E+00,+256.013E-03,+4.990849E+00
+13.853750E+00,+162.858E-03,+5.046025E+00
+13.861250E+00,+267.782E-03,+5.046025E+00
+13.868750E+00,+200.837E-03,+5.002531E+00
+13.876250E+00,+218.121E-03,+5.046025E+00
+13.883750E+00,+200.837E-03,+5.046025E+00
+13.891250E+00,+267.782E-03,+5.010891E+00
+13.898750E+00,+206.439E-03,+5.051628E+00
+13.906250E+00,+267.782E-03,+4.979080E+00
+13.913750E+00,+200.837E-03,+5.072711E+00
+13.921250E+00,+200.837E-03,+5.046025E+00
+13.928750E+00,+267.782E-03,+5.013737E+00
+13.936250E+00,+259.335E-03,+5.104523E+00
+13.943750E+00,+250.021E-03,+5.046025E+00
+13.951250E+00,+267.782E-03,+5.046025E+00
+13.958750E+00,+264.548E-03,+4.982314E+00
+13.966250E+00,+238.339E-03,+5.008523E+00
+13.973750E+00,+212.130E-03,+5.046025E+00
+13.981250E+00,+267.782E-03,+5.046025E+00
+13.988750E+00,+267.782E-03,+5.004900E+00
+13.996250E+00,+201.226E-03,+5.046025E+00
+14.003750E+00,+308.130E-03,+5.059774E+00
+14.011250E+00,+214.975E-03,+5.031887E+00
+14.018750E+00,+267.782E-03,+5.046025E+00
+14.026250E+00,+277.397E-03,+5.017360E+00
+14.033750E+00,+329.816E-03,+5.043569E+00
+14.041250E+00,+244.029E-03,+5.046025E+00
+14.048750E+00,+200.837E-03,+5.029042E+00
+14.056250E+00,+267.782E-03,+4.997531E+00
+14.063750E+00,+133.891E-03,+5.081460E+00
+14.071250E+00,+273.084E-03,+5.046025E+00
+14.078750E+00,+200.837E-03,+5.025117E+00
+14.086250E+00,+247.954E-03,+4.998908E+00
+14.093750E+00,+207.217E-03,+5.100210E+00
+14.101250E+00,+266.016E-03,+5.078615E+00
+14.108750E+00,+326.581E-03,+4.995373E+00
+14.116250E+00,+267.782E-03,+4.997142E+00
+14.123750E+00,+156.565E-03,+5.067623E+00
+14.131250E+00,+264.247E-03,+5.046025E+00
+14.138750E+00,+238.038E-03,+5.046025E+00
+14.146250E+00,+200.837E-03,+5.046025E+00
+14.153750E+00,+216.054E-03,+4.994297E+00
+14.161250E+00,+242.263E-03,+5.004599E+00
+14.168750E+00,+200.837E-03,+5.046025E+00
+14.176250E+00,+267.782E-03,+5.019126E+00
+14.183750E+00,+307.054E-03,+4.979080E+00
+14.191250E+00,+213.209E-03,+4.979080E+00
+14.198750E+00,+239.418E-03,+5.017661E+00
+14.206250E+00,+200.837E-03,+4.981235E+00
+14.213750E+00,+243.728E-03,+5.003134E+00
+14.221250E+00,+251.100E-03,+4.995762E+00
+14.228750E+00,+258.255E-03,+4.979080E+00
+14.236250E+00,+236.573E-03,+4.983607E+00
+14.243750E+00,+267.782E-03,+5.046025E+00
+14.251250E+00,+313.519E-03,+5.046025E+00
+14.258750E+00,+267.782E-03,+4.979080E+00
+14.266250E+00,+274.464E-03,+5.046025E+00
+14.273750E+00,+300.673E-03,+5.013134E+00
+14.281250E+00,+259.937E-03,+5.046025E+00
+14.288750E+00,+267.782E-03,+4.979080E+00
+14.296250E+00,+200.837E-03,+5.046025E+00
+14.303750E+00,+200.837E-03,+5.042189E+00
+14.311250E+00,+237.737E-03,+5.046025E+00
+14.318750E+00,+267.782E-03,+5.046025E+00
+14.326250E+00,+236.745E-03,+4.994598E+00
+14.333750E+00,+267.782E-03,+5.071243E+00
+14.341250E+00,+201.828E-03,+5.046025E+00
+14.348750E+00,+267.782E-03,+5.006280E+00
+14.356250E+00,+267.782E-03,+5.046025E+00
+14.363750E+00,+322.055E-03,+4.991753E+00
+14.371250E+00,+267.782E-03,+5.017962E+00
+14.378750E+00,+202.691E-03,+5.044172E+00
+14.386250E+00,+286.017E-03,+5.021670E+00
+14.393750E+00,+267.782E-03,+4.995461E+00
+14.401250E+00,+277.611E-03,+4.988908E+00
+14.408750E+00,+200.837E-03,+5.046025E+00
+14.416250E+00,+200.837E-03,+5.046025E+00
+14.423750E+00,+222.347E-03,+5.000590E+00
+14.431250E+00,+267.782E-03,+4.979080E+00
+14.438750E+00,+260.799E-03,+5.046025E+00
+14.446250E+00,+334.728E-03,+5.012833E+00
+14.453750E+00,+260.238E-03,+4.979080E+00
+14.461250E+00,+267.782E-03,+5.046025E+00
+14.468750E+00,+222.908E-03,+5.023954E+00
+14.476250E+00,+259.507E-03,+5.046025E+00
+14.483750E+00,+200.837E-03,+5.052277E+00
+14.491250E+00,+211.226E-03,+5.035636E+00
+14.498750E+00,+216.657E-03,+5.046025E+00
+14.506250E+00,+267.782E-03,+5.021109E+00
+14.513750E+00,+200.837E-03,+4.980372E+00
+14.521250E+00,+267.782E-03,+4.979080E+00
+14.528750E+00,+321.494E-03,+4.992314E+00
+14.536250E+00,+254.808E-03,+5.046025E+00
+14.543750E+00,+228.598E-03,+5.046025E+00
+14.551250E+00,+202.389E-03,+5.046025E+00
+14.558750E+00,+243.126E-03,+5.021368E+00
+14.566250E+00,+251.703E-03,+5.046025E+00
+14.573750E+00,+210.966E-03,+5.046025E+00
+14.581250E+00,+237.176E-03,+5.015418E+00
+14.588750E+00,+267.782E-03,+5.046025E+00
+14.596250E+00,+222.648E-03,+5.022703E+00
+14.603750E+00,+200.837E-03,+5.027100E+00
+14.611250E+00,+200.837E-03,+4.986364E+00
+14.618750E+00,+267.741E-03,+5.012532E+00
+14.626250E+00,+200.837E-03,+5.038782E+00
+14.633750E+00,+181.870E-03,+4.998046E+00
+14.641250E+00,+200.837E-03,+5.046025E+00
+14.648750E+00,+267.782E-03,+5.046025E+00
+14.656250E+00,+200.837E-03,+5.009728E+00
+14.663750E+00,+200.837E-03,+5.035937E+00
+14.671250E+00,+200.837E-03,+5.096850E+00
+14.678750E+00,+243.167E-03,+5.046025E+00
+14.686250E+00,+200.837E-03,+5.046025E+00
+14.693750E+00,+200.837E-03,+5.006883E+00
+14.701250E+00,+146.824E-03,+5.046025E+00
+14.708750E+00,+254.506E-03,+5.032749E+00
+14.716250E+00,+200.837E-03,+5.006540E+00
+14.723750E+00,+266.531E-03,+5.044774E+00
+14.731250E+00,+242.824E-03,+4.979080E+00
+14.738750E+00,+267.782E-03,+5.014468E+00
+14.746250E+00,+211.268E-03,+5.035594E+00
+14.753750E+00,+267.782E-03,+5.015720E+00
+14.761250E+00,+200.837E-03,+5.046025E+00
+14.768750E+00,+245.062E-03,+5.046025E+00
+14.776250E+00,+219.460E-03,+4.979080E+00
+14.783750E+00,+200.837E-03,+5.046025E+00
+14.791250E+00,+233.988E-03,+5.046025E+00
+14.798750E+00,+327.786E-03,+5.046025E+00
+14.806250E+00,+172.426E-03,+5.046025E+00
+14.813750E+00,+267.782E-03,+5.046025E+00
+14.821250E+00,+267.782E-03,+5.046025E+00
+14.828750E+00,+200.837E-03,+5.010029E+00
+14.836250E+00,+200.837E-03,+5.112971E+00
+14.843750E+00,+184.414E-03,+5.029603E+00
+14.851250E+00,+158.205E-03,+5.003394E+00
+14.858750E+00,+265.887E-03,+5.046025E+00
+14.866250E+00,+239.678E-03,+5.046025E+00
+14.873750E+00,+200.837E-03,+5.046025E+00
+14.881250E+00,+214.414E-03,+4.992657E+00
+14.888750E+00,+200.837E-03,+5.046025E+00
+14.896250E+00,+266.832E-03,+5.112021E+00
+14.903750E+00,+226.096E-03,+5.046025E+00
+14.911250E+00,+283.260E-03,+4.979080E+00
+14.918750E+00,+211.569E-03,+5.046025E+00
+14.926250E+00,+230.841E-03,+5.046025E+00
+14.933750E+00,+204.632E-03,+5.042230E+00
+14.941250E+00,+200.837E-03,+5.046025E+00
+14.948750E+00,+200.837E-03,+4.997402E+00
+14.956250E+00,+259.896E-03,+4.979080E+00
+14.963750E+00,+300.632E-03,+5.013176E+00
+14.971250E+00,+207.477E-03,+5.039385E+00
+14.978750E+00,+287.351E-03,+5.026456E+00
+14.986250E+00,+246.615E-03,+5.046025E+00
+14.993750E+00,+262.741E-03,+5.040984E+00
+15.001250E+00,+232.088E-03,+5.046025E+00
+15.008750E+00,+210.322E-03,+5.055511E+00
+15.016250E+00,+267.782E-03,+4.995803E+00
+15.023750E+00,,
