x-axis,4
second,Volt
-4.68503125e-008,4.83237
0.00249995314969,4.99974
0.00499995314969,4.83237
0.00749995314969,4.83237
0.00999995314969,4.99974
0.0124999531497,4.83237
0.0149999531497,4.83237
0.0174999531497,4.99974
0.0199999531497,4.66501
0.0224999531497,4.83237
0.0249999531497,4.83237
0.0274999531497,4.83237
0.0299999531497,4.83237
0.0324999531497,4.83237
0.0349999531497,4.99974
0.0374999531497,4.83237
0.0399999531497,10.0207
0.0424999531497,10.188
0.0449999531497,9.8533
0.0474999531497,5.50183
0.0499999531497,5.33447
0.0524999531497,5.33447
0.0549999531497,5.33447
0.0574999531497,5.33447
0.0599999531497,4.99974
0.0624999531497,4.99974
0.0649999531497,4.99974
0.0674999531497,4.83237
0.0699999531497,4.83237
0.0724999531497,4.83237
0.0749999531497,4.83237
0.0774999531497,4.83237
0.0799999531497,4.83237
0.0824999531497,4.83237
0.0849999531497,4.83237
0.0874999531497,4.99974
0.0899999531497,4.99974
0.0924999531497,4.83237
0.0949999531497,4.99974
0.0974999531497,4.99974
0.0999999531497,4.83237
0.10249995315,4.83237
0.10499995315,4.83237
0.10749995315,4.99974
0.10999995315,4.83237
0.11249995315,4.83237
0.11499995315,4.83237
0.11749995315,4.83237
0.11999995315,4.99974
0.12249995315,4.83237
0.12499995315,4.99974
0.12749995315,4.83237
0.12999995315,4.83237
0.13249995315,4.83237
0.13499995315,4.99974
0.13749995315,4.99974
0.13999995315,4.99974
0.14249995315,4.99974
0.14499995315,4.99974
0.14749995315,4.83237
0.14999995315,4.99974
0.15249995315,4.83237
0.15499995315,4.83237
0.15749995315,4.83237
0.15999995315,4.83237
0.16249995315,4.83237
0.16499995315,4.66501
0.16749995315,4.83237
0.16999995315,4.83237
0.17249995315,4.83237
0.17499995315,4.83237
0.17749995315,4.99974
0.17999995315,4.83237
0.18249995315,4.83237
0.18499995315,4.99974
0.18749995315,4.99974
0.18999995315,4.83237
0.19249995315,4.99974
0.19499995315,4.99974
0.19749995315,4.83237
0.19999995315,4.99974
0.20249995315,4.83237
0.20499995315,4.83237
0.20749995315,4.66501
0.20999995315,4.83237
0.21249995315,4.99974
0.21499995315,4.83237
0.21749995315,4.83237
0.21999995315,5.1671
0.22249995315,4.83237
0.22499995315,4.83237
0.22749995315,4.99974
0.22999995315,4.99974
0.23249995315,4.83237
0.23499995315,4.83237
0.23749995315,4.83237
0.23999995315,4.83237
0.24249995315,4.83237
0.24499995315,4.83237
0.24749995315,4.66501
0.24999995315,4.83237
0.25249995315,4.83237
0.25499995315,4.83237
0.25749995315,4.99974
0.25999995315,4.83237
0.26249995315,4.99974
0.26499995315,4.83237
0.26749995315,4.99974
0.26999995315,4.83237
0.27249995315,4.83237
0.27499995315,4.99974
0.27749995315,4.83237
0.27999995315,4.83237
0.28249995315,4.83237
0.28499995315,4.99974
0.28749995315,4.99974
0.28999995315,4.83237
0.29249995315,4.83237
0.29499995315,4.99974
0.29749995315,4.99974
0.29999995315,4.83237
0.30249995315,4.83237
0.30499995315,4.83237
0.30749995315,4.99974
0.30999995315,4.83237
0.31249995315,5.1671
0.31499995315,4.66501
0.31749995315,4.83237
0.31999995315,4.66501
0.32249995315,4.83237
0.32499995315,4.99974
0.32749995315,4.83237
0.32999995315,4.99974
0.33249995315,4.83237
0.33499995315,4.66501
0.33749995315,4.83237
0.33999995315,4.83237
0.34249995315,4.83237
0.34499995315,4.83237
0.34749995315,4.99974
0.34999995315,4.83237
0.35249995315,4.66501
0.35499995315,4.83237
0.35749995315,4.83237
0.35999995315,4.83237
0.36249995315,4.83237
0.36499995315,4.66501
0.36749995315,4.83237
0.36999995315,4.99974
0.37249995315,4.83237
0.37499995315,4.83237
0.37749995315,4.99974
0.37999995315,4.83237
0.38249995315,4.83237
0.38499995315,4.99974
0.38749995315,4.66501
0.38999995315,4.66501
0.39249995315,4.83237
0.39499995315,4.66501
0.39749995315,4.66501
0.39999995315,4.83237
0.40249995315,4.83237
0.40499995315,4.83237
0.40749995315,4.83237
0.40999995315,4.83237
0.41249995315,4.83237
0.41499995315,4.83237
0.41749995315,4.83237
0.41999995315,4.66501
0.42249995315,4.83237
0.42499995315,4.99974
0.42749995315,4.83237
0.42999995315,4.83237
0.43249995315,4.83237
0.43499995315,4.83237
0.43749995315,4.99974
0.43999995315,4.83237
0.44249995315,4.83237
0.44499995315,4.83237
0.44749995315,4.83237
0.44999995315,4.83237
0.45249995315,4.83237
0.45499995315,4.99974
0.45749995315,4.83237
0.45999995315,4.66501
0.46249995315,4.83237
0.46499995315,4.83237
0.46749995315,4.66501
0.46999995315,4.83237
0.47249995315,4.83237
0.47499995315,4.99974
0.47749995315,4.99974
0.47999995315,4.66501
0.48249995315,4.83237
0.48499995315,4.66501
0.48749995315,4.83237
0.48999995315,4.83237
0.49249995315,4.83237
0.49499995315,4.83237
0.49749995315,4.99974
0.49999995315,4.83237
0.50249995315,4.99974
0.50499995315,4.83237
0.50749995315,4.83237
0.50999995315,4.99974
0.51249995315,4.83237
0.51499995315,4.99974
0.51749995315,4.99974
0.51999995315,4.99974
0.52249995315,4.83237
0.52499995315,4.66501
0.52749995315,4.83237
0.52999995315,4.83237
0.53249995315,4.99974
0.53499995315,4.83237
0.53749995315,4.66501
0.53999995315,4.83237
0.54249995315,4.83237
0.54499995315,4.99974
0.54749995315,4.83237
0.54999995315,4.66501
0.55249995315,4.66501
0.55499995315,4.83237
0.55749995315,4.66501
0.55999995315,4.83237
0.56249995315,4.99974
0.56499995315,4.83237
0.56749995315,4.83237
0.56999995315,4.66501
0.57249995315,4.99974
0.57499995315,4.66501
0.57749995315,4.66501
0.57999995315,4.83237
0.58249995315,4.83237
0.58499995315,4.99974
0.58749995315,4.66501
0.58999995315,4.66501
0.59249995315,4.66501
0.59499995315,4.66501
0.59749995315,4.99974
0.59999995315,4.83237
0.60249995315,4.83237
0.60499995315,4.99974
0.60749995315,4.99974
0.60999995315,4.83237
0.61249995315,4.83237
0.61499995315,4.99974
0.61749995315,4.83237
0.61999995315,4.83237
0.62249995315,4.66501
0.62499995315,4.83237
0.62749995315,4.99974
0.62999995315,4.83237
0.63249995315,4.83237
0.63499995315,4.99974
0.63749995315,4.83237
0.63999995315,4.99974
0.64249995315,9.68593
0.64499995315,10.0207
0.64749995315,9.8533
0.64999995315,5.33447
0.65249995315,5.33447
0.65499995315,5.50183
0.65749995315,5.1671
0.65999995315,4.99974
0.66249995315,4.99974
0.66499995315,4.99974
0.66749995315,4.83237
0.66999995315,4.83237
0.67249995315,4.83237
0.67499995315,4.83237
0.67749995315,4.99974
0.67999995315,4.66501
0.68249995315,4.83237
0.68499995315,4.83237
0.68749995315,4.99974
0.68999995315,4.83237
0.69249995315,4.83237
0.69499995315,4.83237
0.69749995315,4.83237
0.69999995315,4.99974
0.70249995315,4.83237
0.70499995315,5.1671
0.70749995315,4.83237
0.70999995315,4.83237
0.71249995315,4.83237
0.71499995315,4.99974
0.71749995315,4.83237
0.71999995315,4.83237
0.72249995315,4.83237
0.72499995315,4.83237
0.72749995315,4.83237
0.72999995315,4.99974
0.73249995315,4.99974
0.73499995315,4.83237
0.73749995315,4.99974
0.73999995315,4.83237
0.74249995315,4.83237
0.74499995315,4.66501
0.74749995315,4.99974
0.74999995315,4.83237
0.75249995315,4.99974
0.75499995315,4.66501
0.75749995315,4.83237
0.75999995315,4.99974
0.76249995315,4.99974
0.76499995315,4.83237
0.76749995315,4.83237
0.76999995315,4.83237
0.77249995315,4.83237
0.77499995315,4.99974
0.77749995315,4.83237
0.77999995315,4.83237
0.78249995315,4.83237
0.78499995315,4.83237
0.78749995315,4.99974
0.78999995315,4.83237
0.79249995315,4.83237
0.79499995315,4.83237
0.79749995315,4.83237
0.79999995315,4.99974
0.80249995315,4.83237
0.80499995315,4.66501
0.80749995315,4.66501
0.80999995315,4.83237
0.81249995315,4.99974
0.81499995315,4.83237
0.81749995315,4.83237
0.81999995315,4.83237
0.82249995315,4.99974
0.82499995315,4.83237
0.82749995315,4.83237
0.82999995315,4.83237
0.83249995315,4.83237
0.83499995315,4.99974
0.83749995315,4.99974
0.83999995315,4.83237
0.84249995315,4.83237
0.84499995315,4.83237
0.84749995315,5.1671
0.84999995315,4.83237
0.85249995315,4.83237
0.85499995315,4.83237
0.85749995315,4.99974
0.85999995315,4.83237
0.86249995315,4.83237
0.86499995315,4.66501
0.86749995315,4.99974
0.86999995315,4.99974
0.87249995315,4.99974
0.87499995315,4.83237
0.87749995315,4.66501
0.87999995315,4.83237
0.88249995315,4.83237
0.88499995315,4.83237
0.88749995315,4.66501
0.88999995315,4.99974
0.89249995315,4.83237
0.89499995315,4.83237
0.89749995315,4.83237
0.89999995315,4.66501
0.90249995315,4.99974
0.90499995315,4.99974
0.90749995315,4.99974
0.90999995315,4.83237
0.91249995315,4.83237
0.91499995315,4.99974
0.91749995315,4.83237
0.91999995315,4.83237
0.92249995315,4.83237
0.92499995315,4.83237
0.92749995315,4.99974
0.92999995315,4.83237
0.93249995315,4.99974
0.93499995315,4.99974
0.93749995315,4.83237
0.93999995315,4.99974
0.94249995315,4.83237
0.94499995315,4.83237
0.94749995315,4.83237
0.94999995315,4.99974
0.95249995315,4.83237
0.95499995315,4.83237
0.95749995315,4.83237
0.95999995315,4.83237
0.96249995315,4.83237
0.96499995315,4.83237
0.96749995315,4.66501
0.96999995315,4.66501
0.97249995315,4.83237
0.97499995315,4.99974
0.97749995315,4.83237
0.97999995315,4.83237
0.98249995315,4.66501
0.98499995315,4.99974
0.98749995315,4.83237
0.98999995315,4.99974
0.99249995315,4.66501
0.99499995315,4.83237
0.99749995315,4.83237
0.99999995315,4.99974
1.00249995315,4.83237
1.00499995315,4.83237
1.00749995315,4.83237
1.00999995315,5.1671
1.01249995315,4.83237
1.01499995315,4.99974
1.01749995315,4.83237
1.01999995315,4.99974
1.02249995315,4.83237
1.02499995315,4.83237
1.02749995315,4.99974
1.02999995315,4.83237
1.03249995315,4.83237
1.03499995315,4.66501
1.03749995315,4.66501
1.03999995315,4.83237
1.04249995315,4.83237
1.04499995315,4.83237
1.04749995315,4.83237
1.04999995315,4.99974
1.05249995315,4.83237
1.05499995315,4.99974
1.05749995315,4.83237
1.05999995315,4.99974
1.06249995315,4.66501
1.06499995315,4.83237
1.06749995315,4.83237
1.06999995315,4.83237
1.07249995315,4.83237
1.07499995315,4.83237
1.07749995315,4.66501
1.07999995315,4.66501
1.08249995315,4.83237
1.08499995315,4.99974
1.08749995315,4.83237
1.08999995315,4.66501
1.09249995315,4.83237
1.09499995315,4.99974
1.09749995315,4.66501
1.09999995315,5.1671
1.10249995315,4.83237
1.10499995315,4.83237
1.10749995315,4.83237
1.10999995315,4.83237
1.11249995315,4.83237
1.11499995315,4.83237
1.11749995315,4.83237
1.11999995315,4.66501
1.12249995315,5.1671
1.12499995315,4.99974
1.12749995315,4.83237
1.12999995315,4.83237
1.13249995315,4.66501
1.13499995315,4.83237
1.13749995315,4.99974
1.13999995315,4.83237
1.14249995315,4.99974
1.14499995315,4.83237
1.14749995315,4.99974
1.14999995315,4.83237
1.15249995315,4.66501
1.15499995315,4.99974
1.15749995315,4.99974
1.15999995315,4.99974
1.16249995315,4.66501
1.16499995315,4.83237
1.16749995315,4.83237
1.16999995315,4.83237
1.17249995315,4.99974
1.17499995315,4.83237
1.17749995315,4.83237
1.17999995315,4.83237
1.18249995315,4.83237
1.18499995315,4.99974
1.18749995315,4.83237
1.18999995315,4.99974
1.19249995315,4.83237
1.19499995315,4.99974
1.19749995315,4.66501
1.19999995315,4.83237
1.20249995315,4.83237
1.20499995315,4.83237
1.20749995315,4.99974
1.20999995315,4.99974
1.21249995315,4.83237
1.21499995315,4.83237
1.21749995315,4.99974
1.21999995315,4.83237
1.22249995315,4.83237
1.22499995315,4.83237
1.22749995315,4.83237
1.22999995315,4.99974
1.23249995315,4.83237
1.23499995315,4.99974
1.23749995315,4.99974
1.23999995315,4.99974
1.24249995315,4.99974
1.24499995315,10.0207
1.24749995315,10.0207
1.24999995315,9.68593
1.25249995315,5.33447
1.25499995315,5.1671
1.25749995315,5.33447
1.25999995315,5.1671
1.26249995315,5.1671
1.26499995315,4.99974
1.26749995315,4.99974
1.26999995315,4.83237
1.27249995315,4.83237
1.27499995315,4.99974
1.27749995315,4.83237
1.27999995315,4.83237
1.28249995315,4.83237
1.28499995315,4.83237
1.28749995315,4.83237
1.28999995315,4.83237
1.29249995315,4.83237
1.29499995315,4.66501
1.29749995315,4.83237
1.29999995315,4.99974
1.30249995315,4.83237
1.30499995315,4.83237
1.30749995315,4.83237
1.30999995315,4.99974
1.31249995315,4.83237
1.31499995315,4.83237
1.31749995315,4.99974
1.31999995315,4.99974
1.32249995315,4.83237
1.32499995315,4.83237
1.32749995315,4.83237
1.32999995315,4.83237
1.33249995315,4.66501
1.33499995315,4.99974
1.33749995315,4.83237
1.33999995315,4.83237
1.34249995315,4.83237
1.34499995315,4.66501
1.34749995315,4.83237
1.34999995315,4.83237
1.35249995315,4.66501
1.35499995315,4.83237
1.35749995315,4.83237
1.35999995315,4.83237
1.36249995315,4.99974
1.36499995315,4.83237
1.36749995315,4.99974
1.36999995315,4.83237
1.37249995315,4.83237
1.37499995315,4.99974
1.37749995315,4.83237
1.37999995315,4.83237
1.38249995315,4.83237
1.38499995315,5.1671
1.38749995315,4.83237
1.38999995315,4.83237
1.39249995315,4.66501
1.39499995315,4.66501
1.39749995315,4.83237
1.39999995315,4.99974
1.40249995315,4.66501
1.40499995315,4.83237
1.40749995315,4.99974
1.40999995315,4.83237
1.41249995315,4.99974
1.41499995315,4.83237
1.41749995315,4.83237
1.41999995315,4.83237
1.42249995315,4.83237
1.42499995315,4.83237
1.42749995315,4.99974
1.42999995315,4.83237
1.43249995315,4.99974
1.43499995315,4.83237
1.43749995315,4.83237
1.43999995315,4.99974
1.44249995315,4.83237
1.44499995315,4.66501
1.44749995315,4.99974
1.44999995315,4.83237
1.45249995315,4.83237
1.45499995315,4.99974
1.45749995315,4.83237
1.45999995315,4.83237
1.46249995315,4.83237
1.46499995315,4.83237
1.46749995315,4.66501
1.46999995315,4.83237
1.47249995315,4.83237
1.47499995315,4.83237
1.47749995315,4.99974
1.47999995315,4.83237
1.48249995315,4.99974
1.48499995315,4.83237
1.48749995315,4.83237
1.48999995315,4.66501
1.49249995315,4.99974
1.49499995315,4.83237
1.49749995315,4.83237
1.49999995315,4.83237
1.50249995315,4.83237
1.50499995315,4.83237
1.50749995315,4.83237
1.50999995315,4.66501
1.51249995315,4.83237
1.51499995315,4.83237
1.51749995315,4.99974
1.51999995315,4.99974
1.52249995315,4.99974
1.52499995315,4.83237
1.52749995315,4.83237
1.52999995315,4.83237
1.53249995315,4.83237
1.53499995315,4.83237
1.53749995315,4.83237
1.53999995315,4.99974
1.54249995315,4.99974
1.54499995315,4.83237
1.54749995315,4.99974
1.54999995315,4.83237
1.55249995315,4.66501
1.55499995315,4.83237
1.55749995315,4.83237
1.55999995315,4.83237
1.56249995315,4.83237
1.56499995315,4.99974
1.56749995315,4.83237
1.56999995315,4.99974
1.57249995315,4.83237
1.57499995315,4.83237
1.57749995315,4.83237
1.57999995315,4.99974
1.58249995315,4.83237
1.58499995315,4.83237
1.58749995315,4.83237
1.58999995315,4.83237
1.59249995315,4.99974
1.59499995315,4.83237
1.59749995315,4.99974
1.59999995315,4.83237
1.60249995315,4.99974
1.60499995315,4.66501
1.60749995315,4.99974
1.60999995315,4.83237
1.61249995315,4.83237
1.61499995315,4.99974
1.61749995315,4.83237
1.61999995315,4.83237
1.62249995315,4.83237
1.62499995315,4.99974
1.62749995315,4.83237
1.62999995315,4.83237
1.63249995315,4.83237
1.63499995315,4.83237
1.63749995315,4.66501
1.63999995315,4.83237
1.64249995315,4.83237
1.64499995315,4.83237
1.64749995315,4.83237
1.64999995315,4.99974
1.65249995315,4.66501
1.65499995315,4.83237
1.65749995315,4.83237
1.65999995315,4.99974
1.66249995315,4.99974
1.66499995315,4.66501
1.66749995315,4.66501
1.66999995315,4.83237
1.67249995315,4.99974
1.67499995315,4.83237
1.67749995315,4.83237
1.67999995315,4.66501
1.68249995315,4.66501
1.68499995315,4.83237
1.68749995315,4.99974
1.68999995315,4.83237
1.69249995315,4.83237
1.69499995315,4.83237
1.69749995315,4.83237
1.69999995315,4.66501
1.70249995315,4.83237
1.70499995315,4.83237
1.70749995315,4.66501
1.70999995315,4.99974
1.71249995315,4.99974
1.71499995315,4.83237
1.71749995315,4.83237
1.71999995315,4.83237
1.72249995315,4.83237
1.72499995315,4.83237
1.72749995315,4.83237
1.72999995315,4.83237
1.73249995315,4.99974
1.73499995315,4.83237
1.73749995315,4.99974
1.73999995315,4.66501
1.74249995315,4.99974
1.74499995315,4.83237
1.74749995315,4.66501
1.74999995315,5.1671
1.75249995315,4.83237
1.75499995315,4.99974
1.75749995315,4.83237
1.75999995315,4.83237
1.76249995315,4.83237
1.76499995315,4.83237
1.76749995315,4.83237
1.76999995315,4.83237
1.77249995315,4.66501
1.77499995315,4.83237
1.77749995315,4.83237
1.77999995315,4.83237
1.78249995315,4.99974
1.78499995315,4.66501
1.78749995315,4.83237
1.78999995315,4.83237
1.79249995315,4.83237
1.79499995315,4.99974
1.79749995315,4.66501
1.79999995315,4.99974
1.80249995315,4.99974
1.80499995315,4.83237
1.80749995315,4.83237
1.80999995315,4.83237
1.81249995315,4.99974
1.81499995315,4.83237
1.81749995315,4.99974
1.81999995315,4.83237
1.82249995315,4.83237
1.82499995315,4.83237
1.82749995315,4.83237
1.82999995315,4.83237
1.83249995315,4.99974
1.83499995315,4.99974
1.83749995315,4.83237
1.83999995315,4.83237
1.84249995315,4.83237
1.84499995315,4.83237
1.84749995315,9.8533
1.84999995315,10.0207
1.85249995315,9.68593
1.85499995315,5.1671
1.85749995315,5.33447
1.85999995315,5.1671
1.86249995315,5.33447
1.86499995315,5.1671
1.86749995315,4.99974
1.86999995315,5.1671
1.87249995315,4.83237
1.87499995315,4.83237
1.87749995315,4.83237
1.87999995315,4.99974
1.88249995315,4.83237
1.88499995315,4.83237
1.88749995315,4.83237
1.88999995315,4.99974
1.89249995315,4.83237
1.89499995315,4.83237
1.89749995315,4.83237
1.89999995315,4.83237
1.90249995315,4.83237
1.90499995315,4.83237
1.90749995315,4.66501
1.90999995315,4.66501
1.91249995315,4.83237
1.91499995315,4.83237
1.91749995315,4.99974
1.91999995315,4.99974
1.92249995315,4.99974
1.92499995315,4.83237
1.92749995315,4.83237
1.92999995315,4.83237
1.93249995315,4.83237
1.93499995315,4.83237
1.93749995315,4.83237
1.93999995315,4.99974
1.94249995315,4.83237
1.94499995315,4.83237
1.94749995315,4.99974
1.94999995315,4.99974
1.95249995315,4.83237
1.95499995315,4.83237
1.95749995315,4.83237
1.95999995315,4.83237
1.96249995315,4.66501
1.96499995315,4.83237
1.96749995315,4.83237
1.96999995315,4.66501
1.97249995315,4.99974
1.97499995315,4.83237
1.97749995315,4.83237
1.97999995315,4.83237
1.98249995315,4.83237
1.98499995315,4.99974
1.98749995315,4.99974
1.98999995315,4.83237
1.99249995315,4.66501
1.99499995315,4.83237
1.99749995315,4.99974
1.99999995315,4.83237
2.00249995315,4.99974
2.00499995315,4.83237
2.00749995315,4.83237
2.00999995315,4.66501
2.01249995315,4.83237
2.01499995315,4.99974
2.01749995315,4.99974
2.01999995315,4.99974
2.02249995315,4.99974
2.02499995315,4.83237
2.02749995315,4.99974
2.02999995315,4.83237
2.03249995315,4.99974
2.03499995315,4.83237
2.03749995315,4.83237
2.03999995315,4.99974
2.04249995315,4.99974
2.04499995315,4.83237
2.04749995315,4.83237
2.04999995315,4.83237
2.05249995315,4.83237
2.05499995315,4.83237
2.05749995315,4.99974
2.05999995315,4.99974
2.06249995315,4.83237
2.06499995315,4.83237
2.06749995315,4.83237
2.06999995315,5.1671
2.07249995315,4.66501
2.07499995315,4.83237
2.07749995315,4.99974
2.07999995315,4.66501
2.08249995315,4.83237
2.08499995315,4.83237
2.08749995315,4.83237
2.08999995315,4.83237
2.09249995315,4.83237
2.09499995315,4.83237
2.09749995315,4.99974
2.09999995315,4.83237
2.10249995315,4.83237
2.10499995315,4.83237
2.10749995315,4.83237
2.10999995315,4.83237
2.11249995315,4.99974
2.11499995315,4.66501
2.11749995315,4.99974
2.11999995315,4.83237
2.12249995315,4.83237
2.12499995315,4.83237
2.12749995315,4.83237
2.12999995315,4.99974
2.13249995315,4.83237
2.13499995315,4.99974
2.13749995315,4.83237
2.13999995315,4.83237
2.14249995315,4.83237
2.14499995315,4.83237
2.14749995315,4.66501
2.14999995315,4.83237
2.15249995315,4.66501
2.15499995315,4.66501
2.15749995315,4.66501
2.15999995315,4.66501
2.16249995315,4.83237
2.16499995315,5.1671
2.16749995315,4.83237
2.16999995315,4.99974
2.17249995315,4.83237
2.17499995315,4.83237
2.17749995315,4.99974
2.17999995315,4.83237
2.18249995315,4.83237
2.18499995315,4.99974
2.18749995315,4.99974
2.18999995315,4.99974
2.19249995315,4.83237
2.19499995315,4.83237
2.19749995315,4.66501
2.19999995315,4.83237
2.20249995315,4.83237
2.20499995315,4.99974
2.20749995315,4.99974
2.20999995315,4.99974
2.21249995315,4.83237
2.21499995315,4.83237
2.21749995315,4.83237
2.21999995315,4.83237
2.22249995315,4.83237
2.22499995315,4.83237
2.22749995315,4.83237
2.22999995315,4.83237
2.23249995315,4.66501
2.23499995315,4.83237
2.23749995315,4.83237
2.23999995315,4.66501
2.24249995315,4.66501
2.24499995315,4.66501
2.24749995315,4.83237
2.24999995315,4.83237
2.25249995315,4.83237
2.25499995315,4.99974
2.25749995315,4.99974
2.25999995315,4.99974
2.26249995315,4.83237
2.26499995315,4.99974
2.26749995315,4.83237
2.26999995315,4.83237
2.27249995315,4.83237
2.27499995315,4.83237
2.27749995315,4.83237
2.27999995315,4.99974
2.28249995315,4.66501
2.28499995315,4.99974
2.28749995315,4.83237
2.28999995315,4.83237
2.29249995315,4.83237
2.29499995315,4.83237
2.29749995315,4.66501
2.29999995315,4.83237
2.30249995315,4.83237
2.30499995315,4.83237
2.30749995315,4.83237
2.30999995315,4.83237
2.31249995315,4.83237
2.31499995315,4.83237
2.31749995315,4.99974
2.31999995315,4.83237
2.32249995315,4.83237
2.32499995315,4.83237
2.32749995315,4.99974
2.32999995315,4.66501
2.33249995315,4.99974
2.33499995315,4.66501
2.33749995315,4.99974
2.33999995315,4.83237
2.34249995315,4.66501
2.34499995315,4.99974
2.34749995315,4.83237
2.34999995315,4.83237
2.35249995315,4.83237
2.35499995315,4.83237
2.35749995315,4.99974
2.35999995315,4.83237
2.36249995315,4.99974
2.36499995315,4.99974
2.36749995315,4.83237
2.36999995315,4.83237
2.37249995315,4.83237
2.37499995315,4.83237
2.37749995315,4.83237
2.37999995315,4.83237
2.38249995315,4.83237
2.38499995315,4.83237
2.38749995315,4.83237
2.38999995315,4.66501
2.39249995315,4.83237
2.39499995315,4.83237
2.39749995315,4.83237
2.39999995315,4.83237
2.40249995315,4.83237
2.40499995315,4.66501
2.40749995315,4.83237
2.40999995315,4.83237
2.41249995315,4.99974
2.41499995315,4.83237
2.41749995315,4.83237
2.41999995315,4.83237
2.42249995315,4.83237
2.42499995315,4.83237
2.42749995315,4.99974
2.42999995315,4.66501
2.43249995315,4.83237
2.43499995315,4.83237
2.43749995315,4.66501
2.43999995315,4.83237
2.44249995315,4.99974
2.44499995315,4.83237
2.44749995315,4.83237
2.44999995315,4.83237
2.45249995315,9.8533
2.45499995315,9.68593
2.45749995315,9.8533
2.45999995315,4.99974
2.46249995315,5.50183
2.46499995315,5.1671
2.46749995315,5.1671
2.46999995315,5.1671
2.47249995315,4.99974
2.47499995315,4.99974
2.47749995315,4.83237
2.47999995315,4.83237
2.48249995315,4.83237
2.48499995315,4.83237
2.48749995315,4.83237
2.48999995315,4.83237
2.49249995315,4.99974
2.49499995315,4.99974
2.49749995315,4.83237
2.49999995315,4.99974
2.50249995315,4.83237
2.50499995315,4.99974
2.50749995315,4.83237
2.50999995315,4.99974
2.51249995315,4.99974
2.51499995315,4.83237
2.51749995315,4.83237
2.51999995315,4.83237
2.52249995315,4.99974
2.52499995315,4.83237
2.52749995315,4.83237
2.52999995315,4.66501
2.53249995315,4.66501
2.53499995315,4.83237
2.53749995315,4.99974
2.53999995315,4.83237
2.54249995315,4.99974
2.54499995315,4.99974
2.54749995315,4.83237
2.54999995315,4.66501
2.55249995315,4.83237
2.55499995315,4.99974
2.55749995315,4.83237
2.55999995315,4.99974
2.56249995315,4.83237
2.56499995315,4.83237
2.56749995315,4.83237
2.56999995315,4.83237
2.57249995315,4.83237
2.57499995315,4.83237
2.57749995315,4.83237
2.57999995315,4.99974
2.58249995315,4.83237
2.58499995315,4.83237
2.58749995315,4.83237
2.58999995315,4.99974
2.59249995315,4.83237
2.59499995315,4.83237
2.59749995315,4.99974
2.59999995315,4.83237
2.60249995315,4.99974
2.60499995315,4.99974
2.60749995315,4.99974
2.60999995315,4.83237
2.61249995315,4.83237
2.61499995315,4.83237
2.61749995315,4.83237
2.61999995315,4.83237
2.62249995315,5.1671
2.62499995315,4.83237
2.62749995315,4.66501
2.62999995315,4.99974
2.63249995315,4.99974
2.63499995315,4.66501
2.63749995315,4.83237
2.63999995315,5.1671
2.64249995315,4.83237
2.64499995315,4.83237
2.64749995315,4.99974
2.64999995315,4.66501
2.65249995315,4.83237
2.65499995315,4.99974
2.65749995315,4.83237
2.65999995315,4.99974
2.66249995315,4.66501
2.66499995315,4.99974
2.66749995315,4.99974
2.66999995315,4.83237
2.67249995315,4.83237
2.67499995315,4.99974
2.67749995315,4.66501
2.67999995315,4.83237
2.68249995315,4.83237
2.68499995315,4.99974
2.68749995315,4.99974
2.68999995315,4.66501
2.69249995315,4.83237
2.69499995315,4.83237
2.69749995315,4.66501
2.69999995315,4.66501
2.70249995315,4.83237
2.70499995315,4.83237
2.70749995315,4.66501
2.70999995315,4.66501
2.71249995315,4.83237
2.71499995315,4.83237
2.71749995315,4.66501
2.71999995315,4.83237
2.72249995315,4.83237
2.72499995315,4.66501
2.72749995315,4.83237
2.72999995315,4.66501
2.73249995315,4.66501
2.73499995315,4.99974
2.73749995315,4.99974
2.73999995315,4.83237
2.74249995315,4.83237
2.74499995315,4.83237
2.74749995315,4.99974
2.74999995315,4.83237
2.75249995315,4.83237
2.75499995315,4.83237
2.75749995315,4.83237
2.75999995315,4.83237
2.76249995315,4.83237
2.76499995315,4.99974
2.76749995315,4.99974
2.76999995315,4.99974
2.77249995315,4.83237
2.77499995315,4.83237
2.77749995315,4.66501
2.77999995315,4.83237
2.78249995315,4.99974
2.78499995315,4.83237
2.78749995315,4.83237
2.78999995315,4.99974
2.79249995315,4.83237
2.79499995315,4.99974
2.79749995315,4.99974
2.79999995315,4.66501
2.80249995315,4.83237
2.80499995315,4.83237
2.80749995315,4.66501
2.80999995315,4.66501
2.81249995315,4.83237
2.81499995315,4.83237
2.81749995315,4.83237
2.81999995315,4.99974
2.82249995315,4.83237
2.82499995315,4.83237
2.82749995315,4.83237
2.82999995315,4.83237
2.83249995315,4.83237
2.83499995315,4.83237
2.83749995315,4.83237
2.83999995315,4.83237
2.84249995315,4.99974
2.84499995315,4.83237
2.84749995315,4.83237
2.84999995315,4.83237
2.85249995315,4.83237
2.85499995315,4.83237
2.85749995315,4.83237
2.85999995315,4.83237
2.86249995315,4.99974
2.86499995315,5.1671
2.86749995315,4.83237
2.86999995315,4.83237
2.87249995315,4.83237
2.87499995315,4.83237
2.87749995315,4.83237
2.87999995315,4.83237
2.88249995315,4.83237
2.88499995315,4.83237
2.88749995315,4.83237
2.88999995315,4.83237
2.89249995315,4.83237
2.89499995315,4.83237
2.89749995315,4.83237
2.89999995315,4.83237
2.90249995315,4.66501
2.90499995315,4.83237
2.90749995315,4.83237
2.90999995315,4.83237
2.91249995315,4.83237
2.91499995315,4.99974
2.91749995315,4.83237
2.91999995315,4.83237
2.92249995315,4.83237
2.92499995315,4.83237
2.92749995315,4.83237
2.92999995315,4.83237
2.93249995315,4.83237
2.93499995315,4.83237
2.93749995315,4.83237
2.93999995315,4.66501
2.94249995315,4.99974
2.94499995315,4.83237
2.94749995315,4.99974
2.94999995315,4.83237
2.95249995315,4.99974
2.95499995315,4.83237
2.95749995315,4.99974
2.95999995315,4.99974
2.96249995315,4.83237
2.96499995315,4.66501
2.96749995315,4.83237
2.96999995315,4.83237
2.97249995315,4.66501
2.97499995315,4.83237
2.97749995315,4.83237
2.97999995315,4.83237
2.98249995315,4.83237
2.98499995315,4.83237
2.98749995315,4.83237
2.98999995315,4.66501
2.99249995315,4.83237
2.99499995315,4.83237
2.99749995315,4.83237
2.99999995315,4.99974
3.00249995315,4.66501
3.00499995315,4.83237
3.00749995315,4.83237
3.00999995315,4.83237
3.01249995315,4.83237
3.01499995315,4.83237
3.01749995315,4.99974
3.01999995315,4.99974
3.02249995315,4.83237
3.02499995315,4.83237
3.02749995315,4.83237
3.02999995315,4.66501
3.03249995315,4.83237
3.03499995315,4.83237
3.03749995315,4.83237
3.03999995315,4.99974
3.04249995315,4.99974
3.04499995315,4.99974
3.04749995315,4.83237
3.04999995315,4.83237
3.05249995315,4.83237
3.05499995315,4.83237
3.05749995315,4.83237
3.05999995315,9.8533
3.06249995315,9.8533
3.06499995315,10.0207
3.06749995315,5.33447
3.06999995315,5.1671
3.07249995315,5.33447
3.07499995315,5.1671
3.07749995315,5.1671
3.07999995315,4.99974
3.08249995315,4.83237
3.08499995315,4.99974
3.08749995315,4.99974
3.08999995315,4.83237
3.09249995315,4.99974
3.09499995315,4.83237
3.09749995315,4.83237
3.09999995315,4.99974
3.10249995315,4.99974
3.10499995315,4.83237
3.10749995315,4.66501
3.10999995315,4.83237
3.11249995315,4.83237
3.11499995315,4.99974
3.11749995315,4.83237
3.11999995315,4.83237
3.12249995315,4.99974
3.12499995315,4.83237
3.12749995315,4.83237
3.12999995315,4.99974
3.13249995315,4.66501
3.13499995315,4.66501
3.13749995315,4.83237
3.13999995315,4.83237
3.14249995315,4.66501
3.14499995315,4.83237
3.14749995315,4.83237
3.14999995315,4.83237
3.15249995315,4.83237
3.15499995315,4.99974
3.15749995315,4.83237
3.15999995315,4.83237
3.16249995315,4.83237
3.16499995315,4.83237
3.16749995315,4.83237
3.16999995315,4.83237
3.17249995315,4.83237
3.17499995315,4.99974
3.17749995315,4.66501
3.17999995315,4.83237
3.18249995315,4.83237
3.18499995315,4.83237
3.18749995315,4.83237
3.18999995315,4.99974
3.19249995315,4.83237
3.19499995315,4.99974
3.19749995315,4.83237
3.19999995315,4.83237
3.20249995315,4.83237
3.20499995315,4.66501
3.20749995315,4.83237
3.20999995315,4.83237
3.21249995315,4.83237
3.21499995315,4.83237
3.21749995315,4.99974
3.21999995315,4.83237
3.22249995315,4.83237
3.22499995315,4.83237
3.22749995315,4.83237
3.22999995315,4.99974
3.23249995315,4.99974
3.23499995315,4.83237
3.23749995315,4.83237
3.23999995315,4.99974
3.24249995315,4.83237
3.24499995315,4.83237
3.24749995315,4.83237
3.24999995315,4.99974
3.25249995315,4.99974
3.25499995315,4.83237
3.25749995315,4.83237
3.25999995315,4.83237
3.26249995315,4.99974
3.26499995315,4.99974
3.26749995315,4.83237
3.26999995315,4.66501
3.27249995315,4.83237
3.27499995315,4.83237
3.27749995315,4.83237
3.27999995315,4.66501
3.28249995315,4.66501
3.28499995315,4.99974
3.28749995315,4.83237
3.28999995315,4.66501
3.29249995315,4.83237
3.29499995315,4.99974
3.29749995315,4.83237
3.29999995315,4.99974
3.30249995315,4.83237
3.30499995315,4.83237
3.30749995315,4.83237
3.30999995315,4.99974
3.31249995315,4.83237
3.31499995315,4.99974
3.31749995315,4.99974
3.31999995315,4.99974
3.32249995315,4.66501
3.32499995315,4.99974
3.32749995315,4.83237
3.32999995315,4.99974
3.33249995315,4.99974
3.33499995315,4.83237
3.33749995315,4.83237
3.33999995315,4.83237
3.34249995315,4.83237
3.34499995315,4.83237
3.34749995315,4.83237
3.34999995315,4.99974
3.35249995315,4.83237
3.35499995315,4.99974
3.35749995315,4.83237
3.35999995315,4.99974
3.36249995315,4.99974
3.36499995315,4.83237
3.36749995315,4.83237
3.36999995315,4.99974
3.37249995315,4.99974
3.37499995315,4.83237
3.37749995315,4.99974
3.37999995315,4.99974
3.38249995315,4.83237
3.38499995315,4.83237
3.38749995315,4.83237
3.38999995315,4.83237
3.39249995315,4.66501
3.39499995315,4.83237
3.39749995315,4.83237
3.39999995315,4.83237
3.40249995315,4.83237
3.40499995315,4.83237
3.40749995315,4.83237
3.40999995315,4.83237
3.41249995315,4.99974
3.41499995315,4.83237
3.41749995315,4.83237
3.41999995315,4.83237
3.42249995315,4.83237
3.42499995315,4.83237
3.42749995315,4.66501
3.42999995315,4.83237
3.43249995315,4.99974
3.43499995315,4.83237
3.43749995315,4.83237
3.43999995315,4.83237
3.44249995315,4.66501
3.44499995315,4.66501
3.44749995315,4.83237
3.44999995315,4.99974
3.45249995315,4.66501
3.45499995315,4.66501
3.45749995315,4.83237
3.45999995315,4.66501
3.46249995315,4.83237
3.46499995315,4.83237
3.46749995315,4.83237
3.46999995315,4.99974
3.47249995315,4.66501
3.47499995315,4.83237
3.47749995315,4.99974
3.47999995315,4.66501
3.48249995315,4.83237
3.48499995315,4.66501
3.48749995315,4.66501
3.48999995315,4.83237
3.49249995315,4.66501
3.49499995315,4.99974
3.49749995315,4.83237
3.49999995315,4.83237
3.50249995315,4.99974
3.50499995315,4.83237
3.50749995315,4.66501
3.50999995315,4.83237
3.51249995315,4.66501
3.51499995315,4.99974
3.51749995315,4.83237
3.51999995315,4.99974
3.52249995315,4.83237
3.52499995315,4.83237
3.52749995315,4.66501
3.52999995315,4.83237
3.53249995315,4.99974
3.53499995315,4.99974
3.53749995315,4.99974
3.53999995315,4.83237
3.54249995315,4.99974
3.54499995315,4.83237
3.54749995315,4.99974
3.54999995315,4.83237
3.55249995315,4.83237
3.55499995315,4.83237
3.55749995315,4.99974
3.55999995315,4.83237
3.56249995315,4.66501
3.56499995315,4.83237
3.56749995315,4.83237
3.56999995315,4.83237
3.57249995315,4.83237
3.57499995315,4.83237
3.57749995315,4.99974
3.57999995315,4.83237
3.58249995315,4.66501
3.58499995315,4.83237
3.58749995315,4.83237
3.58999995315,4.83237
3.59249995315,4.83237
3.59499995315,4.66501
3.59749995315,4.83237
3.59999995315,4.83237
3.60249995315,4.83237
3.60499995315,4.66501
3.60749995315,4.83237
3.60999995315,4.99974
3.61249995315,4.83237
3.61499995315,4.99974
3.61749995315,4.99974
3.61999995315,4.83237
3.62249995315,4.99974
3.62499995315,4.83237
3.62749995315,4.83237
3.62999995315,4.83237
3.63249995315,4.83237
3.63499995315,5.1671
3.63749995315,4.83237
3.63999995315,4.83237
3.64249995315,4.99974
3.64499995315,4.83237
3.64749995315,4.83237
3.64999995315,4.66501
3.65249995315,4.83237
3.65499995315,4.83237
3.65749995315,4.83237
3.65999995315,4.83237
3.66249995315,4.99974
3.66499995315,4.83237
3.66749995315,10.0207
3.66999995315,9.8533
3.67249995315,10.0207
3.67499995315,5.50183
3.67749995315,5.33447
3.67999995315,5.33447
3.68249995315,5.33447
3.68499995315,5.1671
3.68749995315,4.83237
3.68999995315,4.99974
3.69249995315,4.83237
3.69499995315,4.99974
3.69749995315,4.83237
3.69999995315,4.99974
3.70249995315,4.99974
3.70499995315,4.83237
3.70749995315,4.83237
3.70999995315,4.83237
3.71249995315,4.99974
3.71499995315,4.83237
3.71749995315,4.83237
3.71999995315,4.99974
3.72249995315,4.83237
3.72499995315,4.66501
3.72749995315,4.83237
3.72999995315,4.99974
3.73249995315,4.83237
3.73499995315,4.83237
3.73749995315,4.66501
3.73999995315,4.83237
3.74249995315,4.66501
3.74499995315,4.99974
3.74749995315,4.83237
3.74999995315,4.99974
3.75249995315,4.83237
3.75499995315,4.99974
3.75749995315,4.83237
3.75999995315,4.99974
3.76249995315,4.99974
3.76499995315,4.83237
3.76749995315,4.83237
3.76999995315,4.83237
3.77249995315,4.83237
3.77499995315,4.83237
3.77749995315,4.83237
3.77999995315,4.99974
3.78249995315,4.83237
3.78499995315,4.83237
3.78749995315,4.99974
3.78999995315,4.83237
3.79249995315,4.83237
3.79499995315,4.83237
3.79749995315,4.83237
3.79999995315,4.99974
3.80249995315,4.83237
3.80499995315,4.99974
3.80749995315,4.83237
3.80999995315,4.83237
3.81249995315,4.83237
3.81499995315,4.83237
3.81749995315,4.83237
3.81999995315,4.83237
3.82249995315,4.99974
3.82499995315,4.83237
3.82749995315,4.99974
3.82999995315,4.99974
3.83249995315,4.83237
3.83499995315,4.83237
3.83749995315,4.99974
3.83999995315,4.99974
3.84249995315,4.83237
3.84499995315,4.83237
3.84749995315,4.83237
3.84999995315,4.99974
3.85249995315,4.83237
3.85499995315,4.99974
3.85749995315,4.83237
3.85999995315,4.99974
3.86249995315,4.99974
3.86499995315,4.83237
3.86749995315,4.83237
3.86999995315,4.99974
3.87249995315,4.99974
3.87499995315,4.83237
3.87749995315,4.83237
3.87999995315,4.83237
3.88249995315,4.83237
3.88499995315,4.83237
3.88749995315,4.83237
3.88999995315,4.83237
3.89249995315,4.83237
3.89499995315,4.83237
3.89749995315,4.99974
3.89999995315,4.83237
3.90249995315,4.99974
3.90499995315,4.66501
3.90749995315,4.99974
3.90999995315,4.83237
3.91249995315,4.83237
3.91499995315,4.83237
3.91749995315,4.99974
3.91999995315,4.83237
3.92249995315,4.83237
3.92499995315,4.99974
3.92749995315,4.99974
3.92999995315,4.83237
3.93249995315,4.99974
3.93499995315,4.83237
3.93749995315,4.83237
3.93999995315,4.99974
3.94249995315,4.99974
3.94499995315,4.99974
3.94749995315,4.83237
3.94999995315,4.83237
3.95249995315,4.83237
3.95499995315,4.83237
3.95749995315,4.99974
3.95999995315,4.83237
3.96249995315,4.83237
3.96499995315,4.83237
3.96749995315,4.83237
3.96999995315,4.83237
3.97249995315,4.83237
3.97499995315,4.99974
3.97749995315,4.83237
3.97999995315,4.99974
3.98249995315,4.83237
3.98499995315,4.83237
3.98749995315,4.83237
3.98999995315,4.66501
3.99249995315,4.99974
3.99499995315,4.99974
3.99749995315,4.99974
3.99999995315,4.99974
4.00249995315,4.83237
4.00499995315,4.99974
4.00749995315,4.99974
4.00999995315,4.83237
4.01249995315,4.66501
4.01499995315,4.83237
4.01749995315,4.83237
4.01999995315,4.99974
4.02249995315,4.83237
4.02499995315,4.99974
4.02749995315,4.83237
4.02999995315,4.83237
4.03249995315,4.83237
4.03499995315,4.83237
4.03749995315,4.66501
4.03999995315,4.66501
4.04249995315,4.99974
4.04499995315,4.83237
4.04749995315,4.99974
4.04999995315,4.83237
4.05249995315,4.83237
4.05499995315,4.83237
4.05749995315,4.83237
4.05999995315,4.99974
4.06249995315,4.99974
4.06499995315,4.83237
4.06749995315,4.83237
4.06999995315,4.83237
4.07249995315,4.99974
4.07499995315,4.99974
4.07749995315,4.83237
4.07999995315,4.83237
4.08249995315,4.83237
4.08499995315,4.83237
4.08749995315,4.99974
4.08999995315,4.83237
4.09249995315,4.83237
4.09499995315,4.99974
4.09749995315,4.83237
4.09999995315,4.83237
4.10249995315,4.83237
4.10499995315,4.83237
4.10749995315,4.83237
4.10999995315,4.99974
4.11249995315,4.66501
4.11499995315,4.66501
4.11749995315,4.83237
4.11999995315,4.83237
4.12249995315,4.99974
4.12499995315,4.83237
4.12749995315,4.66501
4.12999995315,4.83237
4.13249995315,4.83237
4.13499995315,4.83237
4.13749995315,4.83237
4.13999995315,4.83237
4.14249995315,4.83237
4.14499995315,4.83237
4.14749995315,4.99974
4.14999995315,4.99974
4.15249995315,4.83237
4.15499995315,4.99974
4.15749995315,4.83237
4.15999995315,4.83237
4.16249995315,4.99974
4.16499995315,4.83237
4.16749995315,4.83237
4.16999995315,4.66501
4.17249995315,4.66501
4.17499995315,4.83237
4.17749995315,4.83237
4.17999995315,4.66501
4.18249995315,4.66501
4.18499995315,4.83237
4.18749995315,4.83237
4.18999995315,4.83237
4.19249995315,4.99974
4.19499995315,4.66501
4.19749995315,4.83237
4.19999995315,4.99974
4.20249995315,4.83237
4.20499995315,4.83237
4.20749995315,4.66501
4.20999995315,4.83237
4.21249995315,4.83237
4.21499995315,4.83237
4.21749995315,4.83237
4.21999995315,4.83237
4.22249995315,4.99974
4.22499995315,4.83237
4.22749995315,4.83237
4.22999995315,4.83237
4.23249995315,4.83237
4.23499995315,4.83237
4.23749995315,5.1671
4.23999995315,4.83237
4.24249995315,4.83237
4.24499995315,4.83237
4.24749995315,4.99974
4.24999995315,4.99974
4.25249995315,5.1671
4.25499995315,4.83237
4.25749995315,4.99974
4.25999995315,4.83237
4.26249995315,4.83237
4.26499995315,4.99974
4.26749995315,4.83237
4.26999995315,4.83237
4.27249995315,4.99974
4.27499995315,10.0207
4.27749995315,9.8533
4.27999995315,9.8533
4.28249995315,5.33447
4.28499995315,5.33447
4.28749995315,5.33447
4.28999995315,5.33447
4.29249995315,5.1671
4.29499995315,4.99974
4.29749995315,4.83237
4.29999995315,4.83237
4.30249995315,4.83237
4.30499995315,4.83237
4.30749995315,4.99974
4.30999995315,4.83237
4.31249995315,4.99974
4.31499995315,4.99974
4.31749995315,4.83237
4.31999995315,4.66501
4.32249995315,4.83237
4.32499995315,4.99974
4.32749995315,4.99974
4.32999995315,4.83237
4.33249995315,4.83237
4.33499995315,4.83237
4.33749995315,4.83237
4.33999995315,4.99974
4.34249995315,4.83237
4.34499995315,4.83237
4.34749995315,4.99974
4.34999995315,4.99974
4.35249995315,4.66501
4.35499995315,4.83237
4.35749995315,4.83237
4.35999995315,4.83237
4.36249995315,4.99974
4.36499995315,4.83237
4.36749995315,4.83237
4.36999995315,4.83237
4.37249995315,4.83237
4.37499995315,4.99974
4.37749995315,4.83237
4.37999995315,4.83237
4.38249995315,4.83237
4.38499995315,4.83237
4.38749995315,4.83237
4.38999995315,4.83237
4.39249995315,4.83237
4.39499995315,4.83237
4.39749995315,4.99974
4.39999995315,4.99974
4.40249995315,4.83237
4.40499995315,4.99974
4.40749995315,4.83237
4.40999995315,4.83237
4.41249995315,4.99974
4.41499995315,4.66501
4.41749995315,4.83237
4.41999995315,4.83237
4.42249995315,4.83237
4.42499995315,4.99974
4.42749995315,4.83237
4.42999995315,4.99974
4.43249995315,4.99974
4.43499995315,4.83237
4.43749995315,4.99974
4.43999995315,4.99974
4.44249995315,4.83237
4.44499995315,4.83237
4.44749995315,4.99974
4.44999995315,4.83237
4.45249995315,4.99974
4.45499995315,4.83237
4.45749995315,4.99974
4.45999995315,4.83237
4.46249995315,4.99974
4.46499995315,4.83237
4.46749995315,4.66501
4.46999995315,4.83237
4.47249995315,4.99974
4.47499995315,4.99974
4.47749995315,4.83237
4.47999995315,4.83237
4.48249995315,4.83237
4.48499995315,4.99974
4.48749995315,4.83237
4.48999995315,4.83237
4.49249995315,4.83237
4.49499995315,4.99974
4.49749995315,4.83237
4.49999995315,4.83237
4.50249995315,4.66501
4.50499995315,4.83237
4.50749995315,4.83237
4.50999995315,4.83237
4.51249995315,4.83237
4.51499995315,4.83237
4.51749995315,4.83237
4.51999995315,4.83237
4.52249995315,4.83237
4.52499995315,4.83237
4.52749995315,4.83237
4.52999995315,4.83237
4.53249995315,4.83237
4.53499995315,4.83237
4.53749995315,4.83237
4.53999995315,4.83237
4.54249995315,4.83237
4.54499995315,4.66501
4.54749995315,4.99974
4.54999995315,4.83237
4.55249995315,4.83237
4.55499995315,4.83237
4.55749995315,4.83237
4.55999995315,4.83237
4.56249995315,4.99974
4.56499995315,4.99974
4.56749995315,4.99974
4.56999995315,4.99974
4.57249995315,4.99974
4.57499995315,4.83237
4.57749995315,4.83237
4.57999995315,4.83237
4.58249995315,4.99974
4.58499995315,4.83237
4.58749995315,4.99974
4.58999995315,4.83237
4.59249995315,4.83237
4.59499995315,4.99974
4.59749995315,4.83237
4.59999995315,4.83237
4.60249995315,4.66501
4.60499995315,4.99974
4.60749995315,4.99974
4.60999995315,4.99974
4.61249995315,4.99974
4.61499995315,4.83237
4.61749995315,4.83237
4.61999995315,4.83237
4.62249995315,4.83237
4.62499995315,4.99974
4.62749995315,4.99974
4.62999995315,4.83237
4.63249995315,4.83237
4.63499995315,4.83237
4.63749995315,4.99974
4.63999995315,4.83237
4.64249995315,4.83237
4.64499995315,4.83237
4.64749995315,4.83237
4.64999995315,4.83237
4.65249995315,4.83237
4.65499995315,4.99974
4.65749995315,4.83237
4.65999995315,4.66501
4.66249995315,4.83237
4.66499995315,4.83237
4.66749995315,4.83237
4.66999995315,4.83237
4.67249995315,4.83237
4.67499995315,4.83237
4.67749995315,4.83237
4.67999995315,4.99974
4.68249995315,4.83237
4.68499995315,4.83237
4.68749995315,4.99974
4.68999995315,4.83237
4.69249995315,4.83237
4.69499995315,4.83237
4.69749995315,4.66501
4.69999995315,4.83237
4.70249995315,4.83237
4.70499995315,4.83237
4.70749995315,4.83237
4.70999995315,4.83237
4.71249995315,4.66501
4.71499995315,4.99974
4.71749995315,4.83237
4.71999995315,4.83237
4.72249995315,4.99974
4.72499995315,4.83237
4.72749995315,4.83237
4.72999995315,4.83237
4.73249995315,4.83237
4.73499995315,4.83237
4.73749995315,4.83237
4.73999995315,4.83237
4.74249995315,4.83237
4.74499995315,4.83237
4.74749995315,4.83237
4.74999995315,4.66501
4.75249995315,4.83237
4.75499995315,4.83237
4.75749995315,4.99974
4.75999995315,4.99974
4.76249995315,4.83237
4.76499995315,4.83237
4.76749995315,4.83237
4.76999995315,4.83237
4.77249995315,4.83237
4.77499995315,4.83237
4.77749995315,4.83237
4.77999995315,4.83237
4.78249995315,4.66501
4.78499995315,4.83237
4.78749995315,4.83237
4.78999995315,4.83237
4.79249995315,4.83237
4.79499995315,4.83237
4.79749995315,4.83237
4.79999995315,4.83237
4.80249995315,4.83237
4.80499995315,4.83237
4.80749995315,4.83237
4.80999995315,4.99974
4.81249995315,4.83237
4.81499995315,4.83237
4.81749995315,4.99974
4.81999995315,4.66501
4.82249995315,4.83237
4.82499995315,4.66501
4.82749995315,4.66501
4.82999995315,4.99974
4.83249995315,4.83237
4.83499995315,4.83237
4.83749995315,4.83237
4.83999995315,4.99974
4.84249995315,4.83237
4.84499995315,4.83237
4.84749995315,4.99974
4.84999995315,4.83237
4.85249995315,4.66501
4.85499995315,4.83237
4.85749995315,4.83237
4.85999995315,4.83237
4.86249995315,4.83237
4.86499995315,4.99974
4.86749995315,4.83237
4.86999995315,4.83237
4.87249995315,4.99974
4.87499995315,4.83237
4.87749995315,4.83237
4.87999995315,4.83237
4.88249995315,4.99974
4.88499995315,8.84911
4.88749995315,10.0207
4.88999995315,9.8533
4.89249995315,5.33447
4.89499995315,5.33447
4.89749995315,5.33447
4.89999995315,5.33447
4.90249995315,5.1671
4.90499995315,5.1671
4.90749995315,4.99974
4.90999995315,4.99974
4.91249995315,4.99974
4.91499995315,4.83237
4.91749995315,4.83237
4.91999995315,4.66501
4.92249995315,4.99974
4.92499995315,4.83237
4.92749995315,4.83237
4.92999995315,4.99974
4.93249995315,4.83237
4.93499995315,4.83237
4.93749995315,4.83237
4.93999995315,4.99974
4.94249995315,4.83237
4.94499995315,4.99974
4.94749995315,4.99974
4.94999995315,4.83237
4.95249995315,4.83237
4.95499995315,4.99974
4.95749995315,4.83237
4.95999995315,4.83237
4.96249995315,4.66501
4.96499995315,4.99974
4.96749995315,4.83237
4.96999995315,4.66501
4.97249995315,4.99974
4.97499995315,4.99974
4.97749995315,4.66501
4.97999995315,4.83237
4.98249995315,4.66501
4.98499995315,4.83237
4.98749995315,4.83237
4.98999995315,4.83237
4.99249995315,4.83237
4.99499995315,4.83237
4.99749995315,4.83237